Name,City,Interest1,Interest2,Interest3,Interest4,PhoneNumber
Andrea Washington,Lake Seanport,,,,,725-713-7311x162
Brandon Dillon,Timothytown,,,,,352-793-3182
Crystal Clark,Seanfurt,,,,,135.385.0917x793
Gregory Jones,Lake Megan,,,,,214.679.4284
Eric Burke,Jenniferfort,,,,,480.887.0512x484
Brett Hall,Kochtown,,,,,(966)004-9839x52238
Mckenzie Valencia,Shepardfort,,,,,(104)645-1090x502
Jason Hill,South Angelafurt,,,,,001-178-644-8995x98984
Derek Atkinson,Lake Jamieburgh,,,,,088.769.0341x2299
Christina Bishop,Shepardfort,,,,,(648)475-8069
Jennifer Cruz,West Douglas,,,,,(463)582-3845x390
John Long,Jenniferfort,,,,,+1-251-730-2914x9520
Gerald Sherman,Lake Megan,,,,,078.863.2800
Debra Martin,Jenniferfort,,,,,001-918-699-6034
Daniel Hudson,New Shawn,,,,,(108)693-1432x62771
Benjamin Lee,Lake Seanport,,,,,(184)563-8681
Michelle Spears,New Jennifer,,,,,001-576-094-1960x2695
John Stephens,Seanfurt,,,,,+1-054-787-7023x0186
Claudia Patel,Lake Jamieburgh,,,,,914.409.0812x7733
Jennifer Taylor,East Gina,,,,,699.012.5100
Angela Ford,East Julie,,,,,(280)872-7996
Gabrielle Silva,New Jennifer,,,,,001-686-331-1907
Mrs. Marissa Tyler,West Douglas,,,,,391.934.0772x31042
Sean Smith,East Gina,,,,,001-609-861-1035x60546
Charles Rogers,Lake Seanport,,,,,(621)464-5791
Lindsey Bell,Baileyburgh,,,,,493-293-6360
Mr. Adrian Gibson Jr.,Kochtown,,,,,691-744-2878x62596
Clayton Hamilton,Lake Jamieburgh,,,,,+1-623-832-9163x6357
Jennifer Daniel,Perezchester,,,,,831.844.9740x798
Sandra Valdez,South Angelafurt,,,,,921.616.3965x635
Lisa Parsons,East Julie,,,,,001-783-610-2795x130
Brenda Lopez,Perezchester,,,,,9127994975
Francisco Phillips,Fordhaven,,,,,+1-230-208-0451x4381
Stephanie Alvarez,New Kimberlytown,,,,,+1-491-905-0938x407
Angela Davis,East Julie,,,,,+1-876-384-0938x0433
Tara Bush,Kochtown,,,,,4282095242
Jennifer Cole,Jenniferfort,,,,,910.667.0805
Vincent Ortiz,Lake Megan,,,,,(494)981-8538x672
Tiffany Burgess,Lake Seanport,,,,,(475)518-3860x543
Pamela Robertson,South Angelafurt,,,,,+1-779-834-2708
Derek Navarro,East Julie,,,,,7590998657
Dr. Sara Kim,New Jennifer,,,,,+1-630-137-8092x509
Maria Coleman,Lake Jamieburgh,,,,,(592)505-6789x672
Nicholas Whitehead,Perezchester,,,,,9514690024
Chad Foster,New Jennifer,,,,,910-041-5581
Joshua Stanley,Timothytown,,,,,001-208-181-7658x765
Charles Nguyen,South Angelafurt,,,,,435.953.1077x496
Jessica Strickland,South Angelafurt,,,,,211.099.9799x018
Daniel Andrews,Fordhaven,,,,,8809486391
Jordan Jackson,Shepardfort,,,,,421-172-7339x078
Lee Wood,South Angelafurt,,,,,377-943-5455x47431
Jennifer Morales,Baileyburgh,,,,,467-691-1237
Gregg Arnold,Lawrenceborough,,,,,988-041-3687x0427
Jamie Williamson,Baileyburgh,,,,,5257555801
Emily Williams,East Julie,,,,,319.766.1745x183
Sarah Brown,Timothytown,,,,,+1-712-067-5519x092
Angela Stewart,New Kimberlytown,,,,,(833)647-1139x5147
Joshua Hardin,Lake Seanport,,,,,681-669-4201x430
Paul Ho,Ginaview,,,,,538.460.3655
Matthew Smith,New Kimberlytown,,,,,626-035-7564
Brenda Williams,Lake Seanport,,,,,647.990.8723x8350
Peter Hickman,Perezchester,,,,,349-980-4737x30628
Sarah Obrien,New Shawn,,,,,865.957.3711x101
Jessica Case,Baileyburgh,,,,,0793204656
Noah Rogers,New Shawn,,,,,643.895.6696
Jonathan Finley,Shepardfort,,,,,(456)881-5469x94380
Ann Anderson,Timothytown,,,,,539-113-1056
Amanda Owens,New Kimberlytown,,,,,3464795004
Tyler Johnson,Lake Jamieburgh,,,,,+1-947-341-1344x0269
William Roberts,East Gina,,,,,716.211.3701
Kimberly Jensen,Shepardfort,,,,,001-825-858-7266
Bethany Lynch,New Shawn,,,,,001-751-217-6368x7516
Zachary Gonzalez,West Douglas,,,,,+1-593-324-1839
Mariah Becker,Perezchester,,,,,372-086-6245x041
Ruth Ward,Baileyburgh,,,,,001-658-788-7498x88294
Wendy Barry,Jenniferfort,,,,,280.403.9069
Paul Phillips,Jenniferfort,,,,,813.891.7391x3997
Martin Hebert,Fordhaven,,,,,515-109-6436
David Reyes,East Gina,,,,,+1-334-028-7953x24406
Victoria Harris,Lake Megan,,,,,+1-580-754-3815x44558
Douglas Johnson,South Angelafurt,,,,,+1-360-980-0704x519
Lauren Hernandez,Lake Seanport,,,,,001-572-965-4423x5582
Christopher Zimmerman,Jenniferfort,,,,,744.859.5745
Michael Barnett,Fordhaven,,,,,001-519-921-7563x277
Jeffrey Dennis,Perezchester,,,,,(408)334-4331
Lisa Peters,New Shawn,,,,,001-536-549-3489x03716
James Malone,Lake Jamieburgh,,,,,+1-312-236-8583
Adam Thomas,East Gina,,,,,3392734384
Nancy Hernandez,Lake Seanport,,,,,753.477.3492
Frank Morales,Baileyburgh,,,,,439-536-7431
William Wilson,Timothytown,,,,,+1-480-841-2329
Bryan Villa,Timothytown,,,,,580-959-8328
Krista Martinez,Timothytown,,,,,919.067.8509x1741
Candice Robinson,Seanfurt,,,,,340-857-7543x606
Christina Smith,East Julie,,,,,6013569792
Ashley Wilson,Seanfurt,,,,,(163)776-7006
Hannah Gould,New Kimberlytown,,,,,(621)964-1447x3784
Kim Oliver,Kochtown,,,,,001-297-123-3954x0564
Amanda Brown,New Shawn,,,,,647.105.3209
Ashley Frank,New Kimberlytown,,,,,(207)970-3772x672
Denise Blair,Lake Megan,,,,,+1-574-876-2303
Wyatt Ho,Kochtown,,,,,001-122-678-4906x98786
Kayla Hartman,New Jennifer,,,,,575.841.6108
Christopher Webb,Kochtown,,,,,(467)892-6086
Stephen Anderson,South Angelafurt,,,,,001-783-169-2040x7295
Thomas Lopez,Timothytown,,,,,001-991-432-7918x3184
Ann Hall,East Julie,,,,,+1-870-115-7637x864
Dr. Emily Brown,Lawrenceborough,,,,,884-591-9368x9865
Samuel Ortiz,Shepardfort,,,,,001-445-726-5112
Jacqueline West,Lawrenceborough,,,,,5951008658
Emily Vazquez,South Angelafurt,,,,,+1-327-073-9679
Melanie Harris,New Shawn,,,,,217-211-4698
Judith Thompson,Baileyburgh,,,,,001-432-741-4312x981
Ryan Gutierrez,New Kimberlytown,,,,,(485)478-8512x2201
Nicole Buckley,New Jennifer,,,,,(564)503-5015x9333
Kerry Herman,Baileyburgh,,,,,906.612.9713x8154
John Nielsen,Lake Megan,,,,,946.684.4589x1082
Marie Martin,Baileyburgh,,,,,520.470.9675x1599
Edward Wilson,New Shawn,,,,,373-549-8120x406
Bryan Williams,South Angelafurt,,,,,442-377-5471
Gary Jacobson,Ginaview,,,,,(217)887-3900
Alexandra Francis,New Jennifer,,,,,783-230-1016
Carolyn Palmer,Lake Jamieburgh,,,,,5899150006
Carrie Vasquez,Lake Jamieburgh,,,,,001-662-281-4286x7161
Melissa Summers,New Shawn,,,,,001-390-448-2231x6745
John Jennings,East Julie,,,,,001-818-394-8395x572
Aaron Lopez,Ginaview,,,,,568.176.0247
Samantha King,East Gina,,,,,+1-750-677-8190x7798
Sean Myers,Perezchester,,,,,001-020-838-3681x86418
Eric White,Jenniferfort,,,,,+1-520-015-0516x16184
Alison Gibson,New Shawn,,,,,988-116-2006x157
Teresa Davis,West Douglas,,,,,+1-458-601-2056x3473
Nancy Long,New Shawn,,,,,2110867691
David Reyes,Lake Jamieburgh,,,,,977-050-8157
Mark Campbell,New Shawn,,,,,(472)735-9922
Timothy Joseph,Perezchester,,,,,+1-205-509-8562x76353
James Castro,Ginaview,,,,,001-327-596-4843x77352
Heidi Brown,Ginaview,,,,,494-900-0316x14245
Kevin Lopez,Ginaview,,,,,703-950-0832x62724
Anthony Turner,Kochtown,,,,,(932)670-6858x402
Penny Walker,New Shawn,,,,,+1-324-554-4001x246
Rodney Hernandez,Shepardfort,,,,,182.545.7002
Andre Scott,New Jennifer,,,,,288.856.0859
Charles Donovan,East Gina,,,,,726-830-7633
Elizabeth Wong,Lake Seanport,,,,,594.835.8850
Christina Johnson,New Shawn,,,,,+1-903-986-9404
Kimberly Mckenzie,Seanfurt,,,,,(156)919-6916x1380
James Miller,Lake Seanport,,,,,649.705.6661x826
James Robinson,East Gina,,,,,276.658.2969x546
Jennifer Lowe,Lawrenceborough,,,,,+1-018-792-0096x12921
Kevin Brown,Fordhaven,,,,,4195870415
Daniel Bennett,New Shawn,,,,,001-475-833-8800x733
Kelli Wade,South Angelafurt,,,,,0700202891
Wayne Stewart,Timothytown,,,,,244.010.1970x34539
Steven Mcgrath,Jenniferfort,,,,,+1-813-632-7892x54561
Raven Johnson,South Angelafurt,,,,,(441)479-5077
Jose Baker,Lake Megan,,,,,+1-795-541-6592x94420
Andrea Osborn,New Shawn,,,,,919-405-9460
Julia Garcia,New Jennifer,,,,,477-400-4970x6881
Leah Hernandez,Lake Jamieburgh,,,,,001-053-877-3106
Roberto Glover,East Julie,,,,,001-314-679-0765x1017
Valerie Stafford,New Jennifer,,,,,001-963-876-8280x3000
Jennifer Willis,Lake Jamieburgh,,,,,001-272-480-1101x08260
Mark Mason,Ginaview,,,,,+1-665-186-0482x143
Kathleen King,Baileyburgh,,,,,001-612-173-2452x6803
Chris Noble,Baileyburgh,,,,,881-426-1917x58017
Andrew Bryant,West Douglas,,,,,(534)571-4878
Colleen Massey,Shepardfort,,,,,493.407.3287x3240
Joe Jackson,Lake Seanport,,,,,959.181.4724
Hunter Howell,East Gina,,,,,(104)774-3349
Tina Jones,Lake Megan,,,,,721.559.1441x44169
Bill Roth II,New Shawn,,,,,(819)249-4390
Monica Tucker,Shepardfort,,,,,+1-856-043-0378x5587
Brian Garcia,Lawrenceborough,,,,,281.588.5701x064
Scott Wagner,New Jennifer,,,,,+1-546-115-1751x67559
Allison Clark,New Jennifer,,,,,388-870-7010
Antonio Green,Lake Seanport,,,,,(324)699-4415
Carol Scott,Seanfurt,,,,,6597576791
Melissa Hernandez,Timothytown,,,,,+1-292-369-6290x76269
Brittany Smith,Seanfurt,,,,,077-023-1251x6481
Ian Thomas,Lawrenceborough,,,,,7205822145
Mallory Stanton,Fordhaven,,,,,901.505.2643
Stephen Freeman,Seanfurt,,,,,+1-149-480-9322x430
Jessica Thomas,Timothytown,,,,,898.664.7325x4100
Jennifer Anderson,East Gina,,,,,+1-597-319-9463x49105
Adam Hill,Jenniferfort,,,,,5493777687
Jennifer Mitchell,West Douglas,,,,,430-285-6232x17520
David Hughes,New Shawn,,,,,1880338573
Jonathan Farley,New Jennifer,,,,,(708)018-0811x80404
Pamela Green MD,Seanfurt,,,,,821.118.2010x37770
Andrew Ellis,New Kimberlytown,,,,,402.507.0355x3166
Brent Schultz,Lake Seanport,,,,,054.064.4201
Dr. Casey Wallace,Ginaview,,,,,873-291-5510x0488
Angela Bryan,Lake Jamieburgh,,,,,001-308-510-0774x989
Ronald Yu,East Gina,,,,,936-634-8389x6766
Jennifer Raymond,East Gina,,,,,485-488-6755
Ana Herrera,Timothytown,,,,,829-386-0224
Tyrone Weber,South Angelafurt,,,,,927-166-0973x74100
Donna Duke,New Kimberlytown,,,,,347-711-0280
Alicia Serrano,South Angelafurt,,,,,996-961-4900x37313
Rebecca Andrews,East Gina,,,,,+1-035-418-4264x1957
Steven Adams,Seanfurt,,,,,167-271-3131
Allen Brown,Perezchester,,,,,001-670-622-4371x8374
Kimberly Tucker,East Gina,,,,,(455)691-3296
Stephen Buchanan,East Gina,,,,,(412)549-8652x96416
Amanda Martinez,Perezchester,,,,,+1-521-909-4083x77172
Brandon Madden,Lake Jamieburgh,,,,,0479933580
Barry Moon,Shepardfort,,,,,(378)522-7709x084
Sarah Simmons,Kochtown,,,,,+1-363-446-8035x99307
Tanner Green,Ginaview,,,,,752-066-1534
John Rosario,Fordhaven,,,,,422-789-9400x07441
Victoria Adams,South Angelafurt,,,,,001-198-470-6090
Rebecca Wilson,Ginaview,,,,,567-362-2184
Emily Neal,Ginaview,,,,,+1-136-026-7323x67808
Jessica Stokes,Timothytown,,,,,(235)719-2042x8202
James Cox,Perezchester,,,,,090-079-1822x999
Christopher Thompson III,New Jennifer,,,,,+1-650-622-9590
Shannon Haynes,Seanfurt,,,,,001-157-724-9175x7436
Savannah Benson,East Julie,,,,,981-094-9459x8442
Devon Johnson,Ginaview,,,,,001-720-711-3262
Anita Little,Jenniferfort,,,,,051.499.7402x49152
Sarah Rice,Shepardfort,,,,,(299)607-8443x24726
Julia Harper,Perezchester,,,,,(215)343-7304
Alexandra Weber,Ginaview,,,,,(895)231-5681
Betty Torres,New Kimberlytown,,,,,+1-045-689-0184x80972
Nicholas Jones,Timothytown,,,,,6613537935
Eric Rogers,Seanfurt,,,,,(936)523-2152x94993
Nicole Barnes,Perezchester,,,,,(609)993-0598
Thomas Keller,Perezchester,,,,,+1-512-706-6928
Adam Powell,Lake Jamieburgh,,,,,(998)231-3103x3255
Jennifer Griffin,East Gina,,,,,939.495.6980x394
Carlos Hill,Ginaview,,,,,(811)791-0142x819
Michael Mckinney,New Shawn,,,,,001-842-828-5873x38808
Brandy Mercer,Lake Seanport,,,,,+1-550-792-9551
John Daugherty,New Jennifer,,,,,893.343.0398
Diane Dawson,Timothytown,,,,,439-169-4543
Larry Chen,West Douglas,,,,,4563591052
Dominique Smith,Kochtown,,,,,001-785-322-5211
James Lewis,Seanfurt,,,,,617-391-1576x57947
Ruben Baker,East Gina,,,,,001-081-023-5842
Brian Friedman,Lake Seanport,,,,,001-461-685-1878
Edward Reed,Fordhaven,,,,,796.473.5754x0510
Daniel Bell,Fordhaven,,,,,7857762294
Michele Wilson,New Shawn,,,,,(541)070-4586
Seth Martin,Shepardfort,,,,,963-020-4315
Joseph Davis,Lake Jamieburgh,,,,,2312628995
Alexandra Valdez,Shepardfort,,,,,148.899.8780
Michelle Robinson,New Kimberlytown,,,,,120.050.7755
Daniel Walls,East Julie,,,,,749.058.5943
Gregory Gonzalez,Lawrenceborough,,,,,427-260-1303
Julie Williamson,Kochtown,,,,,142-675-6112x022
Heather Harrington,Timothytown,,,,,007-051-1939
Linda Oconnell,West Douglas,,,,,357-691-2324
Jennifer Goodwin,Perezchester,,,,,+1-844-947-5621x8286
Michael Thompson,Lake Jamieburgh,,,,,001-660-414-8671x653
Margaret Kelly,East Gina,,,,,658-394-4350x7066
Michael Vazquez,East Julie,,,,,737.686.2969x0898
Lisa Serrano,Timothytown,,,,,743.095.3467
David Davis,Lawrenceborough,,,,,001-561-540-0874x34221
Casey Hampton DDS,Seanfurt,,,,,+1-053-129-6547x58754
Jack Smith,Perezchester,,,,,894-638-4440x122
Juan Brown,Baileyburgh,,,,,810.664.4787x45764
Donna Parrish,Timothytown,,,,,537.133.0867
Phillip Martinez,Lake Seanport,,,,,9682984175
Jodi Kirk,Kochtown,,,,,212-851-7680x2823
Scott Li,Lake Jamieburgh,,,,,001-476-795-4925x2849
Patricia Smith,Ginaview,,,,,001-092-752-4343x609
Jessica Flynn,New Shawn,,,,,(263)533-3233x854
Shaun Foster,Lake Megan,,,,,(283)429-4997
John Goodwin,New Jennifer,,,,,971.970.4541
Alexandra Mcclure,Perezchester,,,,,967-230-4632x1600
Tricia Phillips,Baileyburgh,,,,,111-769-3271x3030
Donna Davis,Timothytown,,,,,(903)730-8027x524
Beverly Martinez,Lake Megan,,,,,(300)595-4594
Charles Green,New Shawn,,,,,(065)476-8097
Glenda Miller,New Jennifer,,,,,563-023-6101x051
Sherry Dorsey,East Julie,,,,,1276509329
Jamie Melton,West Douglas,,,,,(735)691-8247x582
Jennifer Mcgee,Lake Jamieburgh,,,,,+1-517-142-1018
Tara Stevens,Kochtown,,,,,805.755.0683x61940
Kathleen Long,East Julie,,,,,372.512.4772x6509
Lisa Burke,East Julie,,,,,(271)553-6505x1385
Gary Hunt,Timothytown,,,,,989-615-5268
Steven Dennis,Kochtown,,,,,(023)304-9414x333
Samuel Novak,West Douglas,,,,,295-928-7715
Caitlin Jimenez,West Douglas,,,,,8967217409
Christian Green,Ginaview,,,,,(799)846-4626x338
Cheryl Ward,East Julie,,,,,376.294.5727
Eric Woods,New Jennifer,,,,,107-468-2363x568
Joseph Perry,Ginaview,,,,,(552)611-7780x73792
Jason Mcdaniel,West Douglas,,,,,+1-870-132-8605x8955
Marissa Garza,Baileyburgh,,,,,170-823-5559
Dr. Mary Delgado,Seanfurt,,,,,329.669.2123x25530
Donna Brown,New Shawn,,,,,714.736.0485x442
Nicholas Manning,Kochtown,,,,,5846922560
Jay Franklin,Kochtown,,,,,092.327.1655x654
David Martin,Lake Jamieburgh,,,,,2688896928
George Barnes,Lake Megan,,,,,(398)574-9869
Brandon Williams,Seanfurt,,,,,1595562312
Jeremiah Obrien,Jenniferfort,,,,,404.561.8884x838
Lisa Watson,Shepardfort,,,,,001-817-058-7642x4635
Alexandra Jackson,Shepardfort,,,,,7690877510
David Austin,New Jennifer,,,,,+1-630-393-2900x35472
Theresa Calhoun,Ginaview,,,,,521-996-3062
Nathan Scott,Perezchester,,,,,015-160-3053x905
Brittany Barry,Jenniferfort,,,,,578.058.5506x621
Erin Norton,West Douglas,,,,,804-141-0014
Rebecca Hatfield,West Douglas,,,,,+1-064-004-0647x649
Angela Freeman,New Shawn,,,,,(196)542-1446
Carolyn Hall,New Kimberlytown,,,,,001-424-049-7947
Mark Swanson,South Angelafurt,,,,,(984)451-2205x38102
Lance Hood,New Jennifer,,,,,+1-670-841-4124x574
Mark Martin,Lake Megan,,,,,990-692-7773x41402
Megan Rodriguez,New Shawn,,,,,+1-437-845-7183x1808
Michael Simmons,West Douglas,,,,,856.943.8127x524
Lynn Chan,Lawrenceborough,,,,,192.864.7366x42784
Kimberly Flores,New Jennifer,,,,,861-463-2974x2065
Jennifer Avila,Fordhaven,,,,,396-813-9929x40176
Danielle Wagner,South Angelafurt,,,,,+1-197-337-5795x909
Michael Wilson,Seanfurt,,,,,629.426.2781x362
Jennifer Williams,Lake Seanport,,,,,001-255-118-7610x602
Elizabeth Smith,Baileyburgh,,,,,301-112-0789
Rose Fuller,Jenniferfort,,,,,028-157-7487
Alexander Solomon,West Douglas,,,,,001-117-661-2571x45992
Julie Rogers,East Julie,,,,,(195)600-9931x74872
Cory Stevens,Fordhaven,,,,,944.961.3921x2200
Cameron Mcfarland,Lake Megan,,,,,296.827.4675x46840
Andrew Brown,New Jennifer,,,,,(814)088-7489x711
Mr. Kevin Owens,Lake Jamieburgh,,,,,641-235-5263x104
Stephanie Chandler,Perezchester,,,,,573.937.0852x9356
Kendra Fernandez,Baileyburgh,,,,,(981)148-6407
Tyler Carney,Seanfurt,,,,,(118)883-4330
Jacqueline Mitchell,East Julie,,,,,345.466.5937
Debra Warner,Timothytown,,,,,765.727.3750
Alexis Clark,Baileyburgh,,,,,996-882-2328x237
Cassandra Ruiz,Shepardfort,,,,,085.120.1825x694
Elizabeth Rasmussen,New Kimberlytown,,,,,281.414.2578x73128
Mark Wright,South Angelafurt,,,,,(915)946-5723x186
Mackenzie Dominguez,New Kimberlytown,,,,,287-176-4875x431
Deborah Hudson,East Julie,,,,,+1-717-692-3348x365
Sherri Watkins,New Kimberlytown,,,,,456.003.1559
Vincent Murray,Lake Megan,,,,,586-548-9089x04510
Amy Grant,Perezchester,,,,,001-011-960-3029
Christopher Bender,East Julie,,,,,(458)978-1219x52712
Jessica Cruz,Lake Megan,,,,,+1-515-249-7619x9264
Deborah Clark,Fordhaven,,,,,852.206.2046
Jill Jordan,Kochtown,,,,,8455375708
Amy Mason,Jenniferfort,,,,,696-746-2265
Brittany Sweeney,New Jennifer,,,,,980-560-3726
Gregory Reyes,West Douglas,,,,,001-414-912-0224x72368
Marc Rosales,Timothytown,,,,,587-681-9966
Leslie Porter,Lake Seanport,,,,,8678160208
Stacy Shaw,Baileyburgh,,,,,+1-512-154-0975x731
Robert Wilson,Lawrenceborough,,,,,0800835509
Lauren Greer,New Shawn,,,,,638.094.6455x9351
Rachel Daugherty,South Angelafurt,,,,,147.903.4635x39966
Judy Norman,Perezchester,,,,,+1-455-813-1928x5235
Rebecca Ramos,West Douglas,,,,,478.495.7874
Ashley Vaughn PhD,Perezchester,,,,,001-702-581-4380x2725
Donald King,Ginaview,,,,,001-375-525-1976
Sonia Hernandez,New Kimberlytown,,,,,048-037-9085x679
Ruth Robinson,Kochtown,,,,,580-120-2847
Christine Thompson,New Shawn,,,,,053-446-2111x18076
Kimberly Snow,Shepardfort,,,,,928-851-4037x3047
Christopher Ellison,East Gina,,,,,(059)271-0785x6950
Rachel Jensen,New Jennifer,,,,,535.466.9659x9425
Ralph Woodward,Fordhaven,,,,,911-026-0903
Cheryl Casey,Shepardfort,,,,,536.817.9821x8190
Sylvia Rogers,Lawrenceborough,,,,,(700)249-4560
Rose Johnson,Timothytown,,,,,070.649.1984x46658
David Morris,South Angelafurt,,,,,149-163-9536x0170
Morgan Clark MD,Lake Megan,,,,,+1-543-281-0835x66749
Gregory Bell,Lake Jamieburgh,,,,,001-569-075-5021
Miguel Travis,Lake Megan,,,,,1186631309
Anita Salazar,West Douglas,,,,,(346)110-2209x3250
Lisa Jenkins,Perezchester,,,,,001-329-943-4012x158
Elaine Mendoza,Timothytown,,,,,3238403968
Anna Kennedy,Shepardfort,,,,,907.254.9140x4266
Justin Cooley,Ginaview,,,,,280-109-4149
Ricardo Contreras,New Jennifer,,,,,6120039962
Paul Wilson,New Kimberlytown,,,,,670-481-0120x815
David Rodriguez,Shepardfort,,,,,(388)260-3673x31047
Michael Jackson,Baileyburgh,,,,,571-637-1424x233
Gina Douglas,South Angelafurt,,,,,618.463.9562
Ryan Cruz MD,Lake Megan,,,,,001-176-590-1296x378
Noah Taylor,Perezchester,,,,,+1-643-331-6937x851
Katie Hudson,New Kimberlytown,,,,,(836)855-0823x912
Alejandra Francis,Seanfurt,,,,,001-398-345-7955
Nathan Brown,Ginaview,,,,,+1-225-680-0375x05986
Melissa Fischer,Lake Megan,,,,,001-922-052-9141
Mark Garcia,Ginaview,,,,,+1-210-553-0324x40858
Martha Ward,New Shawn,,,,,(084)329-8000x989
Nicholas Gaines,East Julie,,,,,(622)230-6424x8476
James Clark,East Gina,,,,,529.537.1430x393
Sheryl May,New Kimberlytown,,,,,465.648.3040
Mason Kelley,West Douglas,,,,,001-389-090-6936x00227
Brianna Barnett,Ginaview,,,,,813-585-8713x88024
Jordan Lynch,New Shawn,,,,,+1-175-984-2891x689
Dr. Walter Brown,Shepardfort,,,,,332.562.9804x152
Matthew Ford,Seanfurt,,,,,(451)280-4361x70686
Deborah Wolf,Shepardfort,,,,,517-810-4831x38093
Cameron Welch DVM,Jenniferfort,,,,,(739)364-3774x6124
Erica Durham,Seanfurt,,,,,+1-290-302-6502x183
Kimberly Gross,Timothytown,,,,,550-711-6513
Paul Jones,Ginaview,,,,,729-574-1106
Rebecca Black,Lawrenceborough,,,,,104.126.1515x80518
Sean Dixon,Ginaview,,,,,(798)312-8121
Michael Jones,Lake Megan,,,,,(888)855-4705x703
Mitchell Ross,Jenniferfort,,,,,(959)370-9233x7169
James Mitchell,West Douglas,,,,,709-362-1470
David Mitchell,Lake Jamieburgh,,,,,+1-030-589-4877
Taylor Church,Shepardfort,,,,,001-907-301-6687
Dean Acevedo,Baileyburgh,,,,,(338)612-0120x461
Tanya Hood,New Jennifer,,,,,+1-875-578-2361
Michael Berry,West Douglas,,,,,437.780.6128x08248
Belinda Kennedy,New Shawn,,,,,4422856428
Bradley Walker,Ginaview,,,,,151.371.9338x8483
Tony Sims,Lake Jamieburgh,,,,,(315)617-7562
Jordan Herring,New Shawn,,,,,130-210-2400x109
Herbert Garner,Baileyburgh,,,,,4221473046
Christian Davis,West Douglas,,,,,(665)888-5927
Lindsey Mora,Perezchester,,,,,(065)535-4602
Joshua Nichols,South Angelafurt,,,,,5241099567
Jennifer Johnson,Lake Jamieburgh,,,,,6223392416
Cynthia Elliott,Baileyburgh,,,,,2825876242
Mark Snyder,Kochtown,,,,,(513)088-4876x57083
Lisa Rocha,Jenniferfort,,,,,(273)140-5044
Oscar Davis,East Gina,,,,,657.785.0750x474
William Mccarthy,Ginaview,,,,,179-816-9504x55702
Diane Clark,Perezchester,,,,,001-377-748-4144x74298
Alexander Chan,Timothytown,,,,,(754)984-2330
Tiffany Phillips,Fordhaven,,,,,098-806-7830x5401
Chad Norman,Shepardfort,,,,,001-945-457-4725x45787
Roy Smith,Lawrenceborough,,,,,+1-012-264-6441x173
Jeffery Mack,Kochtown,,,,,001-353-714-6762x823
April Tucker,East Julie,,,,,393-014-7331x0035
Thomas Merritt,Lake Seanport,,,,,+1-767-892-0003x95332
Joseph Floyd,Baileyburgh,,,,,161.249.7912x8560
Samantha Simpson,Shepardfort,,,,,+1-577-692-0894x770
Sarah Riley,West Douglas,,,,,001-937-195-1522
Holly Patrick,Ginaview,,,,,(645)867-0067
Lynn Anderson,Perezchester,,,,,+1-438-555-1367x8858
Denise Jones,East Julie,,,,,(175)893-9269
John Cowan,Seanfurt,,,,,807-304-8938x9235
Donald Salinas,West Douglas,,,,,(282)098-8748x095
Robin York,East Julie,,,,,424.746.7783
Michael Brennan,East Gina,,,,,(922)469-4139
Michael Flores,Ginaview,,,,,(830)025-2637
Michael Harris,Perezchester,,,,,001-277-902-1211
Tracy Fowler,Timothytown,,,,,1997545565
Cheryl Howard,West Douglas,,,,,(259)688-9034x2605
Sandra Brown,Baileyburgh,,,,,001-841-565-0719
Amy Powell,Fordhaven,,,,,001-303-520-5465x441
Joshua Thompson,Shepardfort,,,,,557.652.0980x8376
Marcus Miller,Lake Seanport,,,,,758-421-3041x55190
Crystal Baird,New Kimberlytown,,,,,(992)183-0950
Thomas Bell,Seanfurt,,,,,001-395-735-4275x5475
Darryl Hill,East Julie,,,,,(302)197-9334
Alyssa Pacheco,Fordhaven,,,,,788-138-2392
Amber Wilson,New Jennifer,,,,,882-395-4981x8857
Sherri Boyd,Jenniferfort,,,,,001-324-978-5723x11589
Joshua Gilbert III,Seanfurt,,,,,885-959-2733
Laurie Lopez,Lake Seanport,,,,,801-943-2884x8414
Jesse Romero,Fordhaven,,,,,+1-471-059-4889x309
Mrs. Sydney Sanchez,Jenniferfort,,,,,001-756-838-5250x806
Jacob Martin,Fordhaven,,,,,026-867-8409x14640
Felicia Evans,Lake Jamieburgh,,,,,612.097.2455
Kimberly Nguyen,Jenniferfort,,,,,(909)352-0487x068
Joshua Walter,Jenniferfort,,,,,988.861.9597
Rachel Johnson,East Gina,,,,,(101)193-0517
Nathan Glass,Jenniferfort,,,,,(274)603-2430
William Lyons,Lake Seanport,,,,,001-858-857-1872x15742
Casey Garza,South Angelafurt,,,,,(161)575-5035x339
Shelley Contreras,Fordhaven,,,,,3242249001
Daniel Hoffman,Shepardfort,,,,,733.422.2200
Melissa Kirk,Seanfurt,,,,,(402)954-8658
Kevin Doyle,Timothytown,,,,,666-944-4391
Eugene Thompson,South Angelafurt,,,,,3267906928
Andrew Walker,East Julie,,,,,307-120-6718
Kendra Martin,Lake Jamieburgh,,,,,302-143-7671x45522
Robert Garcia,Kochtown,,,,,194-058-7054x6451
Samantha Burns,Jenniferfort,,,,,101-574-5801x02250
Danny White,New Kimberlytown,,,,,001-851-640-7439x03922
Alexandra Williams,East Gina,,,,,189-926-2939x67817
John Smith,Lake Seanport,,,,,+1-806-050-8540x4106
Natalie Wilson,Lawrenceborough,,,,,686-098-3153x465
Rodney Thomas,New Shawn,,,,,001-716-846-6051x75629
Brandon Day,Timothytown,,,,,(746)657-9163x418
Eric Aguirre,New Kimberlytown,,,,,175-172-1046x036
Stephanie Rush,Lawrenceborough,,,,,+1-305-740-8778x11383
Elizabeth Berg,West Douglas,,,,,562-880-2451
Kyle Johnson,Seanfurt,,,,,711-317-7939x822
Hayden Lee,Shepardfort,,,,,495.602.3988
Jennifer Vasquez,Lake Seanport,,,,,9389643229
Anthony Carroll,Ginaview,,,,,167.295.9136x1140
Jeffrey Steele,East Julie,,,,,258-348-4190
Theresa Turner,Jenniferfort,,,,,496-670-2561x27647
Justin Williams,Ginaview,,,,,0000826762
Joseph Molina Jr.,Lake Seanport,,,,,(547)696-0872x3111
Joseph Bishop,East Gina,,,,,(245)199-1824x82672
Patrick Nichols,Perezchester,,,,,(933)129-2858x6012
Nicholas Jones,New Jennifer,,,,,3049958946
Jeffrey Mcdowell,Kochtown,,,,,098.401.3615x482
Mr. Dale Brown Jr.,Perezchester,,,,,974.538.1802x156
Peter Roy,South Angelafurt,,,,,247.088.3552x07736
Elizabeth Marks,Perezchester,,,,,385.255.8342
Philip Burgess,New Jennifer,,,,,(627)046-3895x6696
Charles Cantrell,West Douglas,,,,,001-819-738-9325x1918
Jason Ferrell,Lake Megan,,,,,521-962-9669x836
Angela Martin,Seanfurt,,,,,200.547.1093
John Levy,New Shawn,,,,,+1-644-718-6735
Gloria Johnson,New Kimberlytown,,,,,199.231.6708x5697
Teresa Johnson,New Kimberlytown,,,,,9989521041
Jessica Watkins,Kochtown,,,,,(674)455-6411
James Burns,Shepardfort,,,,,838-135-1682x48745
Lisa Saunders,Lake Jamieburgh,,,,,876.874.5329x860
Debra Kelly,Seanfurt,,,,,8186635420
Shannon Durham,Timothytown,,,,,+1-959-982-1330
Cassandra Glover,Lake Seanport,,,,,036-236-1224x39542
Shawn Duran,West Douglas,,,,,+1-935-206-9505x15793
Ryan Choi,East Julie,,,,,(071)875-4907
Dr. Terry Moss DDS,Ginaview,,,,,001-173-722-0625x218
Joshua Caldwell,Lake Jamieburgh,,,,,(517)234-5435x879
Jared Heath,New Jennifer,,,,,268-165-4420
Jennifer Jones,Perezchester,,,,,682-802-9805x56929
Kim Ellis,Lake Jamieburgh,,,,,152.879.8551x2101
David Valencia,Perezchester,,,,,(730)215-0569x57463
Richard Garrett,South Angelafurt,,,,,287.130.3339
Amanda Graves,Timothytown,,,,,(021)932-0874x717
Mr. Matthew Sutton,Jenniferfort,,,,,5213299877
Samantha Ferguson,Seanfurt,,,,,(325)744-2422
Michelle Huff,West Douglas,,,,,813-932-2482x17161
Jacqueline Rocha,South Angelafurt,,,,,+1-478-532-1234x63548
Michelle Lewis MD,Ginaview,,,,,001-671-438-9805
Monica Williams,Ginaview,,,,,(454)998-5767
Kari Robinson,Lake Jamieburgh,,,,,569.266.5451x08500
John Ford,East Gina,,,,,(382)188-1864x4127
Samuel Green,Shepardfort,,,,,501-373-6397
Faith Johnson,Lake Seanport,,,,,(575)012-5178x633
Kelsey Stewart,Lawrenceborough,,,,,(914)095-4791x897
Christopher Patterson,West Douglas,,,,,+1-024-307-0086
Anthony Anderson,Lake Seanport,,,,,001-074-460-1869
Robert Navarro,Shepardfort,,,,,250.831.4180x3426
Erin Patterson,Lake Seanport,,,,,001-399-670-3606x6278
Catherine Graves,East Gina,,,,,001-238-827-2537
Diana Lucero,Fordhaven,,,,,550.737.7816x552
Kyle Pollard,Lawrenceborough,,,,,104.085.6304
Laura Ramirez,East Julie,,,,,+1-962-286-8877x1006
Chad Boyd,New Kimberlytown,,,,,523-459-4125x6040
Jamie Parrish,Shepardfort,,,,,(014)273-8739x487
Jessica Robinson,Lake Seanport,,,,,9148587250
Bobby Smith,Shepardfort,,,,,(805)499-2643x92428
Thomas Harrington,Lawrenceborough,,,,,433-150-4058
Philip Williams,Baileyburgh,,,,,+1-202-877-7790x0299
Paul White,New Jennifer,,,,,473-762-6453
Elizabeth Pena,New Shawn,,,,,9448906691
Adriana Cain,Lake Seanport,,,,,631.476.8635x9574
Christian Martinez,Lawrenceborough,,,,,278-369-0613x2188
Terry Murray,Fordhaven,,,,,(183)858-1755
Sarah Ballard,Shepardfort,,,,,263.011.3797x10096
Benjamin Cordova,Jenniferfort,,,,,037-556-7655x181
Brianna Larsen,New Jennifer,,,,,638-501-1885
William Mitchell,Timothytown,,,,,935.447.0457x7768
Carol Everett,East Julie,,,,,(757)277-0855x1937
Debbie Klein,South Angelafurt,,,,,(172)879-5662x62187
Stephanie Walker,Perezchester,,,,,599-608-8100
Mary White,Lake Jamieburgh,,,,,(316)350-2927
David Hines,Shepardfort,,,,,922-900-7564x22762
Lisa Anderson,New Kimberlytown,,,,,+1-558-323-7198x21052
Cynthia Wheeler,Jenniferfort,,,,,156-053-7153x5349
Jonathan Brown,Lake Megan,,,,,+1-081-166-1494x887
Peter Burnett,Lake Jamieburgh,,,,,001-442-519-1128x2672
Jessica Smith,West Douglas,,,,,(923)355-3775x96056
Brandon Oliver,Baileyburgh,,,,,001-118-778-7913x259
Chad Johnson,Jenniferfort,,,,,+1-591-343-9697x1725
Charles Horton,New Jennifer,,,,,723.543.7417
Thomas Proctor,Lawrenceborough,,,,,(266)245-9393x8957
Jeffrey Taylor,West Douglas,,,,,001-966-605-9193x68467
Stephanie Brown,East Julie,,,,,780.084.4106x999
Heather Tate,Ginaview,,,,,487.745.8063x058
Mike Clark,Lake Jamieburgh,,,,,778-705-5898x58397
Jasmine Pena,Lake Megan,,,,,263-129-6901x65444
Susan Schaefer,New Jennifer,,,,,3446164741
Deborah Hayes,Lawrenceborough,,,,,383-581-8672x7731
Sierra Vaughn,East Julie,,,,,(615)044-5239
Elizabeth Jones,Kochtown,,,,,001-463-692-6915x502
Carol Gibson,Shepardfort,,,,,588-390-8401x19658
Joshua Kaufman,Kochtown,,,,,541.497.9659
Robert Lawrence,Seanfurt,,,,,001-710-651-3521x3767
Beverly Lane,Jenniferfort,,,,,001-871-925-7343
Emily Jones,East Gina,,,,,918-833-9165
Lisa Parsons,Lake Jamieburgh,,,,,+1-144-882-5119x578
Robert Rodgers,South Angelafurt,,,,,+1-476-966-7178
Bethany Ryan,Timothytown,,,,,348.950.3682x2993
Denise Moore,Lawrenceborough,,,,,836.606.5161
Matthew Torres,Ginaview,,,,,640.466.2077x78912
Miss Shelly Pittman,Baileyburgh,,,,,1112769491
Gilbert Gonzalez,Ginaview,,,,,189-996-8532
Pam Hanson,Fordhaven,,,,,4571895678
William Malone,Ginaview,,,,,(663)626-9209
Lauren Gillespie,Baileyburgh,,,,,001-005-895-3447x13074
Rachel Anderson,Jenniferfort,,,,,300.410.6452x416
Jaclyn Avila,Perezchester,,,,,(678)009-0370
Michelle Austin,Jenniferfort,,,,,001-144-928-5930x683
Danielle Mcmahon,New Kimberlytown,,,,,403.511.7274x15480
Misty Brooks,Lake Seanport,,,,,001-397-984-3422x242
Mrs. Katherine Hansen MD,Perezchester,,,,,001-389-095-0027x2149
Ryan Perkins,Baileyburgh,,,,,6853898818
David French,Kochtown,,,,,+1-261-403-3826x31806
Riley Shea MD,Seanfurt,,,,,001-362-006-8263x2998
Marcia Flores,South Angelafurt,,,,,267-283-0942x8237
John Berry,South Angelafurt,,,,,(355)105-3823x662
Rhonda Carey,Lake Jamieburgh,,,,,001-246-151-4752x226
Pam Smith,South Angelafurt,,,,,(189)217-0618x40290
Jeffrey Simmons,Jenniferfort,,,,,571.664.3024x26003
Thomas Carroll,New Jennifer,,,,,(511)649-7777x5748
Mrs. Michelle Garcia DDS,Timothytown,,,,,451-462-0682x58645
Dylan Melton,Kochtown,,,,,337.727.2564x187
Erika Stein,Ginaview,,,,,001-282-327-8539x6559
Julie Turner,West Douglas,,,,,(961)396-8646x2401
Carla Baker,Shepardfort,,,,,778.038.5373
Patricia Goodwin,West Douglas,,,,,517.798.9842
Glenda Hawkins,South Angelafurt,,,,,+1-745-822-1727
Brittany Mays,Shepardfort,,,,,319-883-6938
Jason Marshall,Seanfurt,,,,,674.153.0356x079
Monica Allen,South Angelafurt,,,,,(686)390-0230x622
James Miller,Timothytown,,,,,095-052-7726x74080
Donald Kirk,New Kimberlytown,,,,,595.378.2624x9315
Charles Allen,East Julie,,,,,+1-582-672-4161x92591
Xavier Heath,Baileyburgh,,,,,(702)704-5805
Veronica Walker,New Shawn,,,,,281.887.8660x14997
Jamie Rogers,Kochtown,,,,,068.505.1828x96259
Corey Jones,West Douglas,,,,,001-598-562-2872
Denise Lucero,Shepardfort,,,,,001-040-276-1797x623
Susan Potter,Lake Seanport,,,,,015-690-2556x213
Margaret Wolf,East Julie,,,,,726-952-3867
Karen Browning,Timothytown,,,,,669-580-0231x5009
Theresa Becker,Lake Jamieburgh,,,,,5760463180
Kathryn Davis,New Kimberlytown,,,,,+1-546-424-3621x9064
Brent Perez,New Shawn,,,,,(497)120-7831x25118
Julie Holden,West Douglas,,,,,605.193.8266x47339
Brian Sheppard,Lawrenceborough,,,,,591-075-4660x807
Heather Wise,Fordhaven,,,,,001-370-166-1868x29684
Curtis Kennedy,Fordhaven,,,,,114.653.3943
Cathy Schmidt,Lake Jamieburgh,,,,,832-396-9396
Walter Huffman,South Angelafurt,,,,,001-121-595-0945
Angela Mitchell,New Jennifer,,,,,+1-729-636-8579x25955
Erin Ross,New Kimberlytown,,,,,371.071.4568x2625
Jeffrey Andrade,East Gina,,,,,203.874.0105
Kelly Green,Fordhaven,,,,,001-201-883-2806x348
Crystal Bell,East Gina,,,,,001-908-655-9838x4361
Spencer Mora,Jenniferfort,,,,,3789797898
Ann Lawson,Fordhaven,,,,,9953811187
Anthony Glenn,East Gina,,,,,+1-197-146-8410x0123
Nicole Williams,Perezchester,,,,,001-595-064-5964x38101
Charles Nichols,Lake Megan,,,,,773.724.6950
Joshua Weiss,Fordhaven,,,,,001-303-928-3834x00630
Meagan Frye,Lake Jamieburgh,,,,,(243)737-3193
Marcus Mueller,Kochtown,,,,,336-483-1288
Melissa Gallegos,Baileyburgh,,,,,403-130-2643x028
Maria Williams,Lawrenceborough,,,,,920.825.6706x043
Matthew Cook,New Shawn,,,,,(009)094-0751x6589
Marc Davidson,Ginaview,,,,,(242)283-1551x442
Mark Vaughan,Seanfurt,,,,,001-928-311-4834x77765
Gary Keller,Kochtown,,,,,+1-417-026-7536x14579
Brandon Porter,Ginaview,,,,,+1-660-163-8492x4619
Victor Miranda,Fordhaven,,,,,9237880095
Jennifer Clark,West Douglas,,,,,(272)232-5546x91132
Stephanie Gross,New Shawn,,,,,001-452-229-1885x49885
Bobby Charles,Lake Megan,,,,,702-705-0716
Tara Taylor,New Kimberlytown,,,,,001-534-087-4289
Jasmin Gomez DDS,East Gina,,,,,+1-757-257-2773
Matthew Hunt,South Angelafurt,,,,,(392)194-6186x9562
Lori Santana,Ginaview,,,,,805.421.0755x5358
Sean Miller,Timothytown,,,,,(061)527-0407
Cynthia Clark,Lake Megan,,,,,097.859.5628x22980
Courtney Gonzalez,Kochtown,,,,,001-347-118-7247x12014
Jamie Anderson,New Kimberlytown,,,,,(261)867-1236x71611
Patrick Livingston,West Douglas,,,,,(769)109-8118
Holly Montes,Lake Megan,,,,,(182)013-7707
Shawn Warner,New Kimberlytown,,,,,2451440977
John Jones,East Julie,,,,,(064)671-3551x894
Terri Graves,Shepardfort,,,,,(383)997-5636x84837
Brandy Brewer,East Gina,,,,,861-019-2009
Madeline Jones,Perezchester,,,,,+1-468-876-4871x76101
Alexander Pratt,Shepardfort,,,,,+1-189-587-1741
Melinda Roberson,Seanfurt,,,,,+1-894-091-9442
Danny Miller,Fordhaven,,,,,576.601.0915x394
Michelle Robles,Lake Megan,,,,,620-570-3344
Gabriella Haas,South Angelafurt,,,,,(573)264-5996
Andrea Cunningham,Seanfurt,,,,,084-167-8456
Julia Sanchez,Lawrenceborough,,,,,086-323-1656x4893
William Miller,Lake Jamieburgh,,,,,443-944-6148
Jesse Moore,New Shawn,,,,,(200)260-8894
Joseph Smith,Shepardfort,,,,,+1-144-922-3539x467
Thomas Gibson,Jenniferfort,,,,,001-911-765-6409x78455
Andrew Murray,Lake Jamieburgh,,,,,157.195.0215x688
Brenda Rodriguez,Seanfurt,,,,,756.268.7403
James Sherman,South Angelafurt,,,,,+1-114-437-3284x207
Rebecca Meyer,Seanfurt,,,,,(940)043-2674x662
Regina Taylor,Fordhaven,,,,,+1-792-887-4334x6593
Seth Garcia,West Douglas,,,,,716.517.8654x5851
Jacob Gomez,Perezchester,,,,,(114)278-9500
Keith Frederick,Seanfurt,,,,,(330)652-4514x3265
Dave Moore,New Jennifer,,,,,104.267.5980x9804
Robert King,Ginaview,,,,,(752)851-0972x20698
Matthew Berry,Kochtown,,,,,203-514-3058
Connor Burke,New Shawn,,,,,916-774-2791
Oscar Rhodes,Timothytown,,,,,+1-342-523-4296x556
Christy Smith,Lake Megan,,,,,694.258.4139x0810
Sean Drake,Ginaview,,,,,001-929-060-4835
Susan Blair,Shepardfort,,,,,(222)909-3765
Mark Graves,Ginaview,,,,,001-801-149-1761
Austin Holder,Shepardfort,,,,,001-039-337-2901
David Gonzales,Timothytown,,,,,+1-344-884-9519x8211
Andrea Conway,East Gina,,,,,+1-010-170-0576x356
Jessica Thompson,Timothytown,,,,,789-428-3015x2469
Jonathan Wilson,Baileyburgh,,,,,001-885-855-0377
Sheryl Smith,Lake Seanport,,,,,542.685.2540x669
Priscilla Goodwin,Shepardfort,,,,,361-505-0575
Tracy Turner,New Shawn,,,,,+1-953-211-3846x4456
Shelby Brooks,Baileyburgh,,,,,+1-636-740-2146x4383
Nicole Gonzalez,Kochtown,,,,,001-262-770-0423x788
Karen Black,Lake Jamieburgh,,,,,+1-878-716-9903
Patricia Kim,New Jennifer,,,,,+1-218-834-5035
Dennis Pacheco,New Kimberlytown,,,,,(145)525-1694
Theodore Brown,Lawrenceborough,,,,,(268)102-7924
Jeffrey Salazar,Lake Jamieburgh,,,,,(292)623-7747x87527
Mark Butler,New Jennifer,,,,,190-103-3570x5657
Heather Jackson,Timothytown,,,,,200-972-8982x411
Justin Miller,South Angelafurt,,,,,001-754-411-5871x16049
Matthew Lane,Ginaview,,,,,152-015-7708x19440
Alexandria Blackburn DDS,Lawrenceborough,,,,,001-914-789-8618
Andrew Ramos,Jenniferfort,,,,,1283733031
Mitchell Smith,Seanfurt,,,,,001-634-331-0909x3172
Richard Ross,New Kimberlytown,,,,,421-510-1603x94837
Melissa White,Perezchester,,,,,333.991.9409
Jeffrey Glenn,Jenniferfort,,,,,001-791-183-3059x4070
Jennifer Hopkins,Fordhaven,,,,,532-747-4876x7075
Dr. Daniel Stout,Lawrenceborough,,,,,+1-786-014-4602x48022
James Ferguson,Ginaview,,,,,8821537101
Sherri Hurst,New Jennifer,,,,,(261)734-5969
Kelsey Roy,East Gina,,,,,704.378.7030x436
Justin Chambers,Jenniferfort,,,,,+1-894-194-1217x9286
David Gonzalez,Fordhaven,,,,,001-265-833-6321
Martha Lewis,East Gina,,,,,+1-888-716-7065x1789
Craig Johnson,Timothytown,,,,,729-427-2597x839
Jacob Andrews,East Julie,,,,,363.847.7224x6832
Melanie Johnson,New Shawn,,,,,001-754-795-8572x998
Stephen Hubbard,Ginaview,,,,,523-368-9620
Corey Garcia,Fordhaven,,,,,275-887-0094
Cynthia Allen,Fordhaven,,,,,409-506-1989
Deborah Long,South Angelafurt,,,,,541.491.8281x2761
Carl Erickson,Timothytown,,,,,(543)819-4474x15695
Anthony Andrade,Kochtown,,,,,001-661-801-3041x446
Jerry Johnson,Fordhaven,,,,,+1-389-139-0618x16762
Mrs. Kaitlyn Larsen PhD,Ginaview,,,,,(687)599-0049x50590
Dylan White,New Kimberlytown,,,,,670.627.2200
Gary Castillo,New Jennifer,,,,,873-467-5089x2358
Melissa Wise,Ginaview,,,,,001-738-875-0236x3764
James Sutton,New Jennifer,,,,,997.661.0344x718
Lisa Hernandez,Lake Jamieburgh,,,,,001-475-295-8046
Stephanie Gonzalez,Perezchester,,,,,+1-380-820-9682x72396
Shawn Rios,West Douglas,,,,,(277)304-8638
Miguel Richardson,Shepardfort,,,,,+1-607-144-1520x8469
Veronica Lane,Lake Seanport,,,,,(742)526-3287
Christopher Harmon,Shepardfort,,,,,700-178-7243x8552
Dr. Paul Mcguire,Baileyburgh,,,,,534.702.5315
Joshua Boyle,South Angelafurt,,,,,+1-771-660-5068x0053
Jodi Barron,Lake Megan,,,,,001-788-253-1010x87094
Jennifer Fisher,Kochtown,,,,,001-060-298-5435x21325
Megan Higgins,East Gina,,,,,+1-038-448-4525x94992
Brandon Martinez,South Angelafurt,,,,,+1-955-263-9665x9780
Samuel Rogers,Baileyburgh,,,,,210-461-4059
Vickie Edwards,Kochtown,,,,,001-756-453-6146x3880
Michael Cochran,Baileyburgh,,,,,+1-802-373-2693x80851
Amy Jimenez,New Jennifer,,,,,920-077-4960x761
Louis Friedman PhD,Shepardfort,,,,,+1-413-142-6759x4237
Terri Simon,South Angelafurt,,,,,9097350050
Stephanie Ferguson,Timothytown,,,,,399-288-1885
Michael Robbins,Baileyburgh,,,,,906.505.3385x21428
Christopher Hall,Shepardfort,,,,,001-479-144-1902x12445
Lisa Carlson,Lake Megan,,,,,459-392-4422x96126
Morgan Jacobs,West Douglas,,,,,(588)578-6090x955
Gregory Morales,New Shawn,,,,,846.804.0592
Jake Thomas,Lake Seanport,,,,,001-845-637-2899
Tanya Manning DDS,Fordhaven,,,,,130.239.3879x993
Glenn Cantu,New Kimberlytown,,,,,(584)266-7731
Sara Myers,West Douglas,,,,,+1-900-369-3670
Ryan Jordan,Jenniferfort,,,,,+1-221-515-4045x06144
Deborah Farrell,Seanfurt,,,,,580-234-2661
Nicholas Lopez,Seanfurt,,,,,+1-987-595-1384x4638
William Rodriguez,South Angelafurt,,,,,+1-996-489-9575x032
Derek Thompson,New Shawn,,,,,(876)921-2806x06710
Seth Gonzales,Fordhaven,,,,,001-516-899-1721x42795
Jorge Baker,Baileyburgh,,,,,932-533-6425x42942
Nancy Wilson,East Gina,,,,,(621)005-9920x091
Ethan Bailey,East Julie,,,,,644-480-9288x65450
Adam Torres,Timothytown,,,,,530.071.0660x7372
David Vazquez,East Julie,,,,,244-668-1509x81981
Tina Torres,Jenniferfort,,,,,771.216.7716x100
Rachel Melton,Perezchester,,,,,+1-725-290-9929x53004
Matthew Stevens,Jenniferfort,,,,,001-192-286-6073x03210
Meagan Newton,West Douglas,,,,,(018)859-7783x247
Jason Torres,South Angelafurt,,,,,165-102-6320x478
Jasmine Hamilton,Shepardfort,,,,,504-209-3057
Marcus Daniels,Lawrenceborough,,,,,695.039.8900
Cheryl Perry,Seanfurt,,,,,(243)264-2859
Scott Acevedo,East Gina,,,,,167-858-8580
Richard Sanchez,Timothytown,,,,,(594)131-0678x2208
Joshua Wilcox,East Gina,,,,,001-046-663-8400x8978
Kelly Fischer,New Jennifer,,,,,001-228-775-0616x838
Emma Carpenter,New Kimberlytown,,,,,214-454-1989x242
William Munoz,Lake Jamieburgh,,,,,(872)742-6292x42455
Sarah Castillo,Fordhaven,,,,,+1-690-872-9615x97310
Brandon Rose,Lake Seanport,,,,,4804864084
Deborah Thomas,Lawrenceborough,,,,,935.628.7073
Rhonda Smith,Perezchester,,,,,(997)168-8008x304
Ronald Anderson,Fordhaven,,,,,+1-395-616-8596x4768
Michelle Vang,New Kimberlytown,,,,,780.410.9845x6770
James Schultz,Lake Seanport,,,,,348.181.7931x28647
Heather Blackwell,Kochtown,,,,,001-433-152-1324x1967
Justin Ward,Timothytown,,,,,017-813-0225x6372
Caroline Cunningham,Lake Jamieburgh,,,,,001-659-778-3969x078
Tina Hawkins MD,Fordhaven,,,,,(303)893-0169
Kendra Perry DDS,Seanfurt,,,,,+1-823-534-9792
Robert Davis,Shepardfort,,,,,+1-741-280-1612
Joyce Mejia,South Angelafurt,,,,,464-118-8058x696
Juan Webb,East Julie,,,,,001-513-457-0039x56366
Angie Chaney,Lake Seanport,,,,,198-570-5428
Benjamin Moore,Perezchester,,,,,(378)167-7054
Dr. Jeremy Schwartz,East Julie,,,,,001-933-495-1771x65468
Dr. Tara Murphy MD,Ginaview,,,,,0828564164
Joseph Pace,West Douglas,,,,,+1-514-272-5095x04756
Kyle West,Kochtown,,,,,(464)587-5072x738
Janet Blair,New Kimberlytown,,,,,(961)627-4029x35466
Benjamin Cole,Seanfurt,,,,,808-334-2735x25305
Mark Thompson,Ginaview,,,,,(397)036-2384x295
Jacqueline Ferguson,East Julie,,,,,001-510-759-1862x141
Yolanda Barr,Shepardfort,,,,,888.501.2187x2871
William Davis,East Julie,,,,,630.380.7575x93857
Mr. Patrick Harrell MD,Kochtown,,,,,+1-557-722-7391x7676
Mary Bell,East Julie,,,,,+1-557-144-5775x49438
Steven Thomas,Fordhaven,,,,,182.336.9027x0145
Julie Yang,Shepardfort,,,,,862.861.5391
Barbara Webb,Timothytown,,,,,001-379-802-3248
Francis Walsh,Jenniferfort,,,,,375-182-6227
Nicole Bradley,Jenniferfort,,,,,001-330-681-6574x18362
Susan Rodriguez,Seanfurt,,,,,001-930-340-9792x480
Leslie Martin,New Shawn,,,,,+1-323-354-4764x17463
Laura Lara,Shepardfort,,,,,589-619-6159x612
Michael Dunn,New Kimberlytown,,,,,(223)058-8095
Mary Hernandez,Ginaview,,,,,001-191-992-1025x8569
Adam Beltran,Ginaview,,,,,903.090.5055x794
Jordan Lewis,South Angelafurt,,,,,976-962-1218x26319
Anna Herrera,New Kimberlytown,,,,,068.895.3957
Nicholas Cortez,Lake Seanport,,,,,8572327887
Ashley Castillo,Kochtown,,,,,001-898-783-8678
Katherine Oliver,Timothytown,,,,,616.798.8269x8863
Anthony Green,Lake Megan,,,,,(696)480-2610
David Knox,Shepardfort,,,,,2427504239
John Martin,West Douglas,,,,,7510230818
Abigail Mathews,Timothytown,,,,,(982)135-8024
Dale Rhodes,Lawrenceborough,,,,,(924)262-5249
Willie Hebert,Fordhaven,,,,,078-974-2810x768
Emily Valenzuela,Lawrenceborough,,,,,607-498-2597x07234
Christopher Lamb,New Shawn,,,,,+1-871-301-0828x8125
Richard Jackson,East Julie,,,,,001-849-697-1178
Mariah Robbins,East Julie,,,,,168-961-2840x976
Noah Chavez,Lake Seanport,,,,,9643670564
Mrs. Monica Wright,Perezchester,,,,,8619321942
William Rodriguez,Seanfurt,,,,,154.146.6300
James Williams,Seanfurt,,,,,+1-518-872-0659x1683
William Green,South Angelafurt,,,,,001-963-113-5422x87114
Susan Stephenson,East Gina,,,,,920-612-1999x552
Patricia Henderson,Perezchester,,,,,001-727-081-9139x37307
Bailey Bishop,Shepardfort,,,,,+1-077-333-6219x92067
Kelly Duffy,South Angelafurt,,,,,001-307-106-9311x9620
Sherri Robles,Perezchester,,,,,375.706.9929
Donald Perry,Lawrenceborough,,,,,+1-289-872-2071
Christian Huang,East Julie,,,,,001-838-816-9515
Cynthia Gonzalez,Fordhaven,,,,,001-180-139-3296x16668
Kimberly Rose,Lake Megan,,,,,(134)473-9867x247
Thomas Williams,Lake Megan,,,,,960.544.1576
Stephen Riley,Fordhaven,,,,,001-576-887-3926
Phillip Welch,Lake Megan,,,,,932.782.4177x756
Duane Short,Ginaview,,,,,(719)518-6693x67667
Lacey Conrad,Ginaview,,,,,(374)750-3741
Christina Sims,East Gina,,,,,266.017.0603x32029
Desiree Olsen,Lawrenceborough,,,,,(126)479-5445x79429
Lindsay Mays,Lake Megan,,,,,684.537.3389
Justin Welch,Lawrenceborough,,,,,+1-512-620-1954x8452
Thomas Smith,New Shawn,,,,,(607)104-1368x5939
Tina Montoya,New Shawn,,,,,(575)726-2122
Charles Brown,Kochtown,,,,,+1-396-759-7991x57138
Sandra Shaw,East Julie,,,,,+1-311-192-4481x3163
Lisa Hodge,South Angelafurt,,,,,(009)534-3852x5119
Kenneth Wagner,Perezchester,,,,,314.085.5859
Dale Martinez,East Julie,,,,,608-116-9799
Melissa Martin,New Shawn,,,,,6019659919
Steven Cooper,Timothytown,,,,,209.134.7502x87615
Micheal Rodriguez,Ginaview,,,,,001-693-304-4151x05681
Pamela Lewis,Baileyburgh,,,,,952-637-5049x9074
Shawn Whitehead,Kochtown,,,,,213-989-0477
Ms. Karen Hanson,East Julie,,,,,(786)470-1838
Joseph Rodriguez,Perezchester,,,,,001-612-348-2295x97716
Michael Evans,Seanfurt,,,,,(839)970-5815x15789
Clinton Compton,Timothytown,,,,,569.136.0161
Leah Moses,New Kimberlytown,,,,,205.065.6910x13929
Brenda Jones,East Julie,,,,,134.641.6516x919
Richard Scott,Perezchester,,,,,966-626-5913
James Green,Timothytown,,,,,766-651-5629x2722
Samantha Love,East Julie,,,,,960.700.8071x38302
Michelle Vasquez,New Jennifer,,,,,001-845-716-3975x249
Russell Curtis,New Shawn,,,,,+1-301-100-0779x12664
Scott Chapman,New Kimberlytown,,,,,485.824.8814
Robert Gray,New Jennifer,,,,,586.986.9634
Nancy Perez,Kochtown,,,,,324.171.1850
April Vazquez,Fordhaven,,,,,862.338.2482x279
Barbara House,West Douglas,,,,,(098)096-3931x88627
Ryan Davila,Perezchester,,,,,+1-144-161-8741x11164
Todd Rodriguez,Perezchester,,,,,(845)218-6814
Devin Lloyd,South Angelafurt,,,,,(447)293-0202
Casey Palmer,East Gina,,,,,(185)538-2597x4896
Bryan Rodgers,Jenniferfort,,,,,221.583.7818
Ashley Hernandez,Ginaview,,,,,001-248-976-9931x3932
Brian Thomas,Jenniferfort,,,,,+1-243-218-8797
Lisa Barnes,Lake Jamieburgh,,,,,(705)338-8292
Daniel Monroe,Jenniferfort,,,,,+1-395-967-9860
Ralph Reed,East Julie,,,,,+1-347-138-2889x35772
Bryan Price,New Kimberlytown,,,,,(902)696-8390
Martin Gentry,South Angelafurt,,,,,(911)560-0449
Robert Adams,West Douglas,,,,,903.830.0855x248
Frank Wolf,New Jennifer,,,,,+1-502-381-9754x22235
Mikayla Keller,Lake Megan,,,,,713.220.5462x9866
Courtney Morgan,Shepardfort,,,,,(387)223-3751
Taylor Johnson,East Julie,,,,,797.671.3162
Anthony Williams,Perezchester,,,,,882.538.3683x3958
Teresa Hines,Lake Seanport,,,,,021.533.5178x967
Evelyn Bell,Kochtown,,,,,778.616.1345
Colleen Mccoy,Lake Megan,,,,,(335)983-6338x20437
Albert Hoover,Lake Megan,,,,,(886)947-0908x4120
Collin Chase,New Kimberlytown,,,,,006-041-9952x5330
Brianna Green,Kochtown,,,,,416-819-0144x34526
Richard Wallace,Baileyburgh,,,,,+1-858-646-5887x52494
William Byrd,Ginaview,,,,,(474)740-0802x74282
Kathy Mcbride,Ginaview,,,,,+1-787-701-1099x0078
Doris Peterson,Lake Seanport,,,,,(969)251-0399x9048
Lisa Jones,Kochtown,,,,,+1-027-553-7415x5625
Kari Wallace,Ginaview,,,,,(821)831-2980
Troy Dalton,Baileyburgh,,,,,810.251.0172
Corey May,Lake Megan,,,,,(051)830-0067x649
Allison Mason,Jenniferfort,,,,,001-255-717-2660
Stephen Herrera,East Gina,,,,,(765)885-9640x508
April Wright,Jenniferfort,,,,,+1-753-142-8730
Olivia Hunt,Baileyburgh,,,,,+1-927-848-5257x175
Matthew Mcguire MD,New Kimberlytown,,,,,001-629-009-3538
Donald King,South Angelafurt,,,,,(061)500-7697x29622
Mckenzie Roberts,New Jennifer,,,,,740-609-3490
Sharon Cooper,Perezchester,,,,,015.484.1004x66866
Jane Jackson,East Julie,,,,,001-333-710-6140x51181
Victor Tucker,Baileyburgh,,,,,(639)640-0065
Alexis Shepard,Fordhaven,,,,,819-948-0404
Rebecca Smith,West Douglas,,,,,032.541.6539
Daniel Mcmillan,Perezchester,,,,,001-662-299-4109x1569
Linda Matthews,Shepardfort,,,,,276-887-3846x503
Benjamin Gonzalez,Jenniferfort,,,,,+1-703-828-1811x8455
Julie Anderson,Ginaview,,,,,236-126-5739
Terry Villa,Timothytown,,,,,+1-067-598-6695x492
Rodney Davis,Fordhaven,,,,,(511)259-2339x096
Karen Clark,Kochtown,,,,,772.489.5115x365
George Torres,Jenniferfort,,,,,001-397-728-1095x08916
Shannon Booker,Baileyburgh,,,,,609.160.7281x0913
Katie Davies,East Gina,,,,,+1-205-961-6187
Matthew Sandoval,Seanfurt,,,,,439-816-1392x554
Krystal Scott,East Gina,,,,,001-360-068-2845
Joanna Ray,New Jennifer,,,,,722.679.8092
Pamela Arias,Kochtown,,,,,004-557-9753
Lisa Stevens,Lake Jamieburgh,,,,,797.311.0966
Shane Johnson,Timothytown,,,,,(228)021-5263x5789
Debra Phelps,New Kimberlytown,,,,,(660)388-5285
Matthew Fox,Timothytown,,,,,556-980-9902x1994
Terry Vaughan,Ginaview,,,,,(792)505-9144
Peter Lee,East Julie,,,,,(407)145-1418x69664
Emily Collins,New Jennifer,,,,,811.450.9251x7270
Mark Hall,New Kimberlytown,,,,,(909)978-2411x80459
Micheal Norris,Timothytown,,,,,001-881-182-9948x77913
Abigail Gonzalez,Lawrenceborough,,,,,296-617-3189
Parker Haynes,New Kimberlytown,,,,,774.874.9317x02629
Michael Moyer,Jenniferfort,,,,,001-265-037-8631x525
Leonard Cabrera,Baileyburgh,,,,,8433562015
David Chen,Shepardfort,,,,,898.475.1408
Amanda Herman,Lawrenceborough,,,,,001-801-923-3288
Kevin Rodriguez,Lake Seanport,,,,,(942)681-1554x585
Christopher Hall,New Kimberlytown,,,,,5758018450
Susan Olson,South Angelafurt,,,,,397-436-4095
Joanne Medina,Lake Megan,,,,,+1-512-715-9649x94366
Brittany Phillips,Lake Seanport,,,,,001-043-546-1751x06095
Shelby Garner,New Jennifer,,,,,+1-315-079-9825x0721
William Brown,Fordhaven,,,,,(179)732-9634x22585
Mary Bradley,Seanfurt,,,,,(767)186-4408x1033
John Riley,Timothytown,,,,,024-012-6898
Rachel Sanchez,New Jennifer,,,,,001-072-334-9816x782
Carol Chavez,South Angelafurt,,,,,9781662748
James Dixon,Kochtown,,,,,2342533062
Mary Pennington,East Gina,,,,,727.225.2328x2673
Douglas Black,New Kimberlytown,,,,,0827748287
Daniel Mcbride,Lawrenceborough,,,,,008.937.8278
Mary Mueller,Lawrenceborough,,,,,+1-931-250-8248x103
Joseph Robbins,New Jennifer,,,,,135.105.2787
Tiffany Lowe,Lawrenceborough,,,,,088.138.5837
Angela Long,Kochtown,,,,,530.571.0431x539
Maxwell Singleton,Ginaview,,,,,153.510.9440x56140
Michelle Sparks,Lake Jamieburgh,,,,,001-719-059-1219x10017
Gregory Jones,Jenniferfort,,,,,(683)650-7444x664
Michael Ibarra,New Shawn,,,,,370.714.8139
John Rivera,Seanfurt,,,,,+1-902-492-8079x64377
Jonathan Smith,Perezchester,,,,,(514)003-2854
Jennifer Stanley,New Jennifer,,,,,0422937511
Pamela Henderson,Timothytown,,,,,001-844-291-2026x474
Dr. Bonnie Luna,Seanfurt,,,,,954-316-1121x257
Cody Olson,Shepardfort,,,,,001-253-774-4357x66452
Dawn Green MD,Seanfurt,,,,,4362673440
Jessica Lee,Lake Seanport,,,,,001-225-523-2397
Allison Moon MD,Shepardfort,,,,,(731)317-6743x889
Jack Miles,Fordhaven,,,,,+1-878-338-7895x7232
Omar West,Seanfurt,,,,,517-924-6376
Ronald Brown,New Shawn,,,,,(534)736-7693x02022
Marissa Owens,Perezchester,,,,,+1-243-019-6777x350
Robert Carney,South Angelafurt,,,,,(908)590-8215
Peter Lopez DDS,Seanfurt,,,,,024.079.4351
Michael Hill,New Shawn,,,,,+1-969-159-5560x670
Jill White,Ginaview,,,,,016-801-8149x11477
Donna Powell,Seanfurt,,,,,103.110.6967
Sharon Scott,Jenniferfort,,,,,484-776-7349
Stephen Alvarado,Lawrenceborough,,,,,5552199787
Steven Mcdowell,Perezchester,,,,,4599850138
Alexandra Stark,Timothytown,,,,,402-609-4734x87345
James Thomas,New Shawn,,,,,+1-915-370-6177x3958
Joshua Johnson,Ginaview,,,,,577.155.7880
Jennifer White,New Kimberlytown,,,,,(837)192-8038x69909
Timothy Davis,Timothytown,,,,,001-398-056-4536x982
Christopher Frank,New Kimberlytown,,,,,267-774-6832
Andrew Eaton,Timothytown,,,,,(286)047-8699
Sara Mason,Fordhaven,,,,,194.375.9077x02920
Lauren Moreno,Lake Megan,,,,,(676)827-7745x53048
Thomas Moran,Seanfurt,,,,,940-596-7145
Bethany Williams,Timothytown,,,,,128.829.4002x3777
Barbara Rivers,East Julie,,,,,(548)536-0909
Christopher Ellis,Lake Jamieburgh,,,,,968.694.0858x6560
James Martin,Shepardfort,,,,,239-300-5044x190
Tony Medina,Lake Jamieburgh,,,,,001-877-950-0037x317
Aaron Brown,Ginaview,,,,,001-271-352-3768x71841
Donald Jackson,Ginaview,,,,,+1-785-616-7105x23682
Megan Smith,Ginaview,,,,,(519)728-8740
Caleb Small,Kochtown,,,,,(097)151-6201x611
Anthony Davis,South Angelafurt,,,,,819-864-3383
Linda Thomas,Lawrenceborough,,,,,289.997.6579
Benjamin Lamb,New Kimberlytown,,,,,9947308516
Alexandria Woods,Kochtown,,,,,410-391-3226x23171
Rhonda Hudson,Shepardfort,,,,,(874)579-1297
Marissa George,Lake Jamieburgh,,,,,001-885-502-3039x80284
Ms. Natasha Williams,New Kimberlytown,,,,,(867)410-9936x7337
Michael Smith,West Douglas,,,,,1944855700
Eric Gates,Ginaview,,,,,(110)679-7428
Keith Carlson,Jenniferfort,,,,,001-431-459-5253
Stacie Mccoy,Lake Megan,,,,,2931930190
Hayley Harper,Timothytown,,,,,+1-561-247-7797
Christina Mitchell,Shepardfort,,,,,700-765-7076
Brian Weaver,West Douglas,,,,,118-503-5335
Alicia Schultz,New Kimberlytown,,,,,001-177-904-1616
Maria Castaneda,Seanfurt,,,,,289-451-8842x32703
Nathaniel Griffin,Baileyburgh,,,,,(121)022-3839x6686
Yolanda Molina,Lake Megan,,,,,939.978.8826x95234
James Watson,Lake Jamieburgh,,,,,138.981.7888x00202
Lisa Smith,Lake Jamieburgh,,,,,(896)406-5706x34594
Gina Thomas,New Shawn,,,,,+1-253-013-0165
Erin Brown,New Kimberlytown,,,,,4708579554
Anthony Hoffman,East Julie,,,,,579-645-9911x261
Mrs. Lori Curtis,Seanfurt,,,,,(236)778-1292x5688
Brenda Ramsey,Lawrenceborough,,,,,413-339-8370x429
Cheryl Vaughan,West Douglas,,,,,194.409.2796x0980
Angela Lang,Jenniferfort,,,,,083-289-3219x0930
Charles Blanchard,Lawrenceborough,,,,,001-313-125-4660
Cheryl Mendoza,New Jennifer,,,,,001-747-539-5428
Robert Doyle,Lake Jamieburgh,,,,,001-549-849-5348
Jacob Gregory,West Douglas,,,,,(778)537-4916
Angela Miller,East Gina,,,,,083.873.1387x5540
Stephanie Johnson,West Douglas,,,,,(569)246-8900
John Ramirez,West Douglas,,,,,(594)593-5722
Bradley Hill DDS,East Julie,,,,,+1-555-274-0089
Michael Riddle,Kochtown,,,,,+1-091-491-3566x00035
Robert Parker,Lake Megan,,,,,001-298-911-9880
Troy Warner,Lake Jamieburgh,,,,,+1-022-538-2991x221
Cody Brown,Timothytown,,,,,001-735-755-5760x3889
Sara Moore,Jenniferfort,,,,,(568)995-6696
Robin Bush,New Jennifer,,,,,+1-192-650-6599x02630
Joy Nguyen,Ginaview,,,,,508-161-4262x42827
Matthew Delacruz,Lake Jamieburgh,,,,,905.881.1534x60629
Adrian Jackson,Perezchester,,,,,(278)901-0823x8530
Cody Diaz,Ginaview,,,,,622-994-2755
Carrie Thomas,South Angelafurt,,,,,(173)270-2342
Bonnie Castro,New Jennifer,,,,,922-511-4506x558
Nicholas Gray,New Kimberlytown,,,,,+1-471-622-1636x52739
Helen Cook,Seanfurt,,,,,(480)539-8249
Laurie Williams,Shepardfort,,,,,530.165.7362
Laura Baird MD,New Kimberlytown,,,,,558-433-8811x47942
Brenda Owens,New Kimberlytown,,,,,622-575-1384x65042
Joshua Nolan,Kochtown,,,,,291.382.6752
Christina Kelley,Ginaview,,,,,349.707.6486
Ashley Clark,Lake Jamieburgh,,,,,001-478-208-8720x80630
Derek Alvarez,East Julie,,,,,001-898-567-1798
Kimberly Russell,Ginaview,,,,,259.951.7918x232
Kathryn Baxter,Baileyburgh,,,,,363-119-7438x08513
Kathy Ray,Lawrenceborough,,,,,712-781-0527x937
Debbie Lynch,Lake Jamieburgh,,,,,1167090232
Emily Green,Ginaview,,,,,+1-291-652-8828x641
John Bradley,Fordhaven,,,,,298.970.2369
Julie Rice,Lawrenceborough,,,,,999.200.6575x6198
Mary Newman,Ginaview,,,,,(106)533-6798x1837
Judy Torres,Jenniferfort,,,,,7343585640
Elizabeth Webb,New Shawn,,,,,+1-325-946-2819x3128
Kristen Williams,Lake Seanport,,,,,(616)084-1880x403
Sherry Hendricks,Timothytown,,,,,3625715832
James Soto,Timothytown,,,,,101.283.9227x09506
Kelly Barrett,Jenniferfort,,,,,830-550-3318x11956
Jeffery Medina,Shepardfort,,,,,013.941.1095x9577
Sean Conway,Lawrenceborough,,,,,883-469-5472x1943
Erin Brooks,Shepardfort,,,,,+1-888-639-9600
Marcus Wise Jr.,Lake Seanport,,,,,589-603-1725x450
Kevin Lindsey,East Gina,,,,,063-686-9134
Nicole Williams,Shepardfort,,,,,184-638-6423
Barbara Hernandez,Seanfurt,,,,,065.679.1772
David Riley,Lake Seanport,,,,,2500821145
Jill Glover,Lake Megan,,,,,300-328-4612x317
Katherine Baxter,Kochtown,,,,,(602)680-6397x881
Erin White,Lawrenceborough,,,,,+1-828-705-0316
James Wiggins,Seanfurt,,,,,(955)302-6232x915
Erica Fisher MD,New Kimberlytown,,,,,945.781.9542x51344
William Chandler,Baileyburgh,,,,,797.734.7893x55458
James Lawson,Seanfurt,,,,,873.760.6438
Erin Moss,South Angelafurt,,,,,+1-271-871-3737x01696
Lacey Proctor,Lake Megan,,,,,580.714.2691x391
Michael Alvarez,Lake Jamieburgh,,,,,+1-183-970-1170x61516
Jennifer Paul,New Shawn,,,,,888-242-8154
Andrew Camacho,Seanfurt,,,,,2430773557
Linda Parks,Ginaview,,,,,519-239-6191x521
John Stanton,Timothytown,,,,,022.504.2298x3532
Eric Martin,South Angelafurt,,,,,+1-862-400-2531x4716
Amanda Lawson,Fordhaven,,,,,+1-019-416-9027x073
Stephanie Chambers,Lake Seanport,,,,,(169)347-0946
Courtney Alvarez,Lake Seanport,,,,,(529)497-2384x73296
Anthony Hodges,Jenniferfort,,,,,1873855714
Randy Rodriguez,Shepardfort,,,,,144-234-6801
Eric Brown,Lake Jamieburgh,,,,,650-080-9773x2784
Angela Palmer,New Kimberlytown,,,,,438-627-6259x3290
Sally Brown,New Shawn,,,,,3806181624
Cheyenne Robinson,Seanfurt,,,,,001-769-964-0873
Erika Kelly,West Douglas,,,,,192-273-5948x54534
Gabriel Alvarez,New Kimberlytown,,,,,435-515-8832x477
Suzanne Carpenter,New Jennifer,,,,,(181)355-8336
Kathy Allen,Timothytown,,,,,+1-718-661-6637x3445
Amanda Casey,Perezchester,,,,,227-668-8505
Tony Bentley,East Gina,,,,,419.190.6349x69607
Patty Wilson,Perezchester,,,,,034-572-2096x933
Stephen Carlson,Fordhaven,,,,,(297)767-8922x026
Mark Manning,New Kimberlytown,,,,,668.345.8528x7854
Stephen Hall,West Douglas,,,,,+1-619-642-7798x91230
Toni Sanchez,Shepardfort,,,,,+1-742-061-3499x109
Paul Ortega,East Julie,,,,,(842)819-2933x220
Dana Smith,Lake Seanport,,,,,158.718.0731x994
Jeremy Kelly,Shepardfort,,,,,+1-279-505-1236
Kenneth Williams,Perezchester,,,,,(090)929-1680x59167
Rebecca Lee,Jenniferfort,,,,,498-495-4840
Joanne York,Lawrenceborough,,,,,822-789-6786
Mr. Michael Watkins,South Angelafurt,,,,,(011)410-9082x3426
Gene Edwards,Seanfurt,,,,,781.205.3761x81520
Susan Thompson,Baileyburgh,,,,,+1-259-263-1525x61677
Angela Jones,Shepardfort,,,,,(626)033-6786x598
Justin Cameron,Kochtown,,,,,+1-387-536-1993x21093
James Farmer,South Angelafurt,,,,,001-266-323-3370
Andres Houston,Shepardfort,,,,,188-654-6308x405
Rebecca Davis,Kochtown,,,,,(575)808-7671
Kathryn Scott,East Julie,,,,,900-133-2169
Charles Berry,Seanfurt,,,,,+1-375-868-7871x93026
Michele Bradshaw,West Douglas,,,,,001-278-970-1574x431
Joanna Jenkins,Lake Jamieburgh,,,,,706.363.7949
Taylor Russell,Seanfurt,,,,,(278)338-2707
Tara Duran,East Gina,,,,,401.016.7885x0997
Francis Brown,Lawrenceborough,,,,,3976762046
Richard Hicks,West Douglas,,,,,001-849-212-7648x0830
Kelly Jordan,Seanfurt,,,,,(288)100-3971x92142
Jessica Scott,New Shawn,,,,,001-610-390-1233
James Munoz,New Shawn,,,,,909-184-3368
Michelle Tyler,Timothytown,,,,,001-953-618-3013x655
Lisa Fuller,South Angelafurt,,,,,446.518.7113x19736
Catherine Smith,Lake Seanport,,,,,741.944.6741x6851
Jessica Wright,Lake Megan,,,,,035.487.5415
Jose Maynard,Ginaview,,,,,001-639-226-1655x499
Adam Bryan,East Gina,,,,,001-012-657-0126x924
Annette Boyd,Perezchester,,,,,774.517.6527x65823
Brandi Marshall,Fordhaven,,,,,001-001-224-2589x16199
Amanda Massey,Shepardfort,,,,,348.627.2189x3390
Cory Owen,Lawrenceborough,,,,,673-040-3827
Jason York,Jenniferfort,,,,,960-758-7005
Elizabeth Farrell,Timothytown,,,,,+1-888-123-6532
Julie Miller,West Douglas,,,,,339-440-6073x18345
James Patel,Shepardfort,,,,,741-915-8555x92340
Megan Mullins,Lawrenceborough,,,,,001-167-810-0304x4545
Victoria Larson,Seanfurt,,,,,+1-878-609-6075x616
Jeffrey Williams,East Julie,,,,,001-392-354-2000
Lydia Kelley,Lake Seanport,,,,,001-233-140-6751x203
Steven Pearson,Perezchester,,,,,001-092-664-8480x11317
Jamie Roberts,Shepardfort,,,,,+1-099-436-9449
Alicia Cook,Jenniferfort,,,,,001-458-577-6145
Katrina Perez,Shepardfort,,,,,593.895.7143x165
Tanya Rollins,Timothytown,,,,,(285)247-5675
Amy Miller,Timothytown,,,,,+1-772-095-9538x729
Joseph Davis,Seanfurt,,,,,+1-698-474-7477
Michelle Sullivan,Lawrenceborough,,,,,(873)727-7600
Shannon Juarez,South Angelafurt,,,,,4225908229
Christine Hernandez,Jenniferfort,,,,,176-050-7207
Steven Lee,East Julie,,,,,249.678.3879
Christopher Sanchez,Jenniferfort,,,,,(095)971-4225x0490
Rachael Cooper,Seanfurt,,,,,+1-347-996-5312x9953
Jon Flores,Lake Seanport,,,,,+1-118-848-4286
Jordan Vargas,Timothytown,,,,,001-914-429-8684x4815
Ronald Neal,Kochtown,,,,,001-242-306-9822x64000
Richard Wallace,East Julie,,,,,+1-319-668-8572x89915
Jeffrey Hernandez,Ginaview,,,,,001-439-448-8519x96203
Joseph Turner,East Julie,,,,,(807)336-2006x716
Jennifer Eaton DVM,Lake Seanport,,,,,+1-024-316-8095x58941
Dakota Spencer,Jenniferfort,,,,,+1-983-500-6213x73245
John Burton,Kochtown,,,,,4176353103
Larry Delacruz,East Gina,,,,,(925)667-6570x266
Lisa Hawkins,Seanfurt,,,,,1917751263
Pam Zamora,Baileyburgh,,,,,080-323-0695x054
Alexander Bishop,Fordhaven,,,,,975.096.9792
Mark James,Seanfurt,,,,,+1-797-640-2721x3038
Lauren Martinez,West Douglas,,,,,1330067893
Debbie Perez,West Douglas,,,,,396.956.2107x72480
Rachel Hayes,West Douglas,,,,,592.594.7144x31289
Erica Richardson,New Kimberlytown,,,,,+1-295-015-5066x91397
Michael Webb,New Jennifer,,,,,001-225-606-3695
Willie Martinez,Seanfurt,,,,,988-692-7914x3213
Vanessa Gardner,Lake Megan,,,,,001-955-025-9946x295
Jerry Harris,Timothytown,,,,,8230535769
Karen Gardner,Shepardfort,,,,,659-693-6508x302
Heather Anderson,New Shawn,,,,,159.872.0655
William Shaw,New Jennifer,,,,,(021)880-2580
Misty Green,Jenniferfort,,,,,177.604.4969x274
Julie Parker,Perezchester,,,,,076-760-7924x0996
Kevin Jordan,Jenniferfort,,,,,403.685.8528x85915
Sydney Lara,Shepardfort,,,,,991.279.3809x28082
Juan Sanchez,Seanfurt,,,,,001-591-417-7354
Karen Hayes,Lake Megan,,,,,(460)497-4269x2861
Daniel Sanders,Baileyburgh,,,,,905.679.9314
Evan Mendez,New Jennifer,,,,,607.183.2232x400
Christine Wolfe,South Angelafurt,,,,,5570867007
Gloria Jones,Ginaview,,,,,136-296-5512
James Hawkins,Jenniferfort,,,,,+1-064-217-3246x832
Kathleen Pitts,East Julie,,,,,186-538-0723x92933
Ethan Cardenas,Jenniferfort,,,,,001-698-203-5614
Ryan Paul,Lake Seanport,,,,,001-900-798-4744x3217
Joshua Lutz,West Douglas,,,,,185-138-8705
Gregory Reynolds,Perezchester,,,,,433.067.1290x673
Michael Arnold,Lake Seanport,,,,,001-333-400-8421x0377
Amanda Wilson,Lake Seanport,,,,,001-630-366-6206x649
Maria Pierce,New Kimberlytown,,,,,+1-203-607-0318x8277
Adriana Green,West Douglas,,,,,+1-130-367-1226x58676
Jordan Lewis,Lake Seanport,,,,,(946)661-6740x79484
Maria Wang,Timothytown,,,,,051.183.0011x456
Jason Hill,Ginaview,,,,,+1-310-492-6768x0485
Ricky Snyder,Perezchester,,,,,+1-229-549-9550x703
Leslie Stout,Fordhaven,,,,,896.968.6163x099
Jason Rivers,Lake Seanport,,,,,+1-765-264-9644
Mrs. Kristin Tran,Lake Jamieburgh,,,,,(383)220-8983
Erika Suarez,New Shawn,,,,,157-559-5162
Benjamin Rodriguez,Jenniferfort,,,,,3424353104
Alan Torres,Timothytown,,,,,(749)341-2038
Angela Waters,Fordhaven,,,,,(971)705-3525
Jose Gonzalez,New Jennifer,,,,,(055)461-8885
Rachel Smith,Baileyburgh,,,,,595.448.0863
Isaac Edwards,West Douglas,,,,,+1-189-344-7173x6226
Margaret Holmes,New Kimberlytown,,,,,707-109-7562x550
Ashley Love,Baileyburgh,,,,,+1-381-931-3155
Bobby Bradley,Perezchester,,,,,117-177-4099x0037
Sharon Davis,Jenniferfort,,,,,4367204380
David Erickson,Lake Jamieburgh,,,,,090.941.0970x36346
Shelly Oliver DDS,Kochtown,,,,,(110)912-2165x179
Kent Newman,Baileyburgh,,,,,768.729.6650x838
William Tucker,New Kimberlytown,,,,,+1-771-580-0982x83293
Steven Mcdonald,Lake Megan,,,,,(289)288-5372x3969
John Morris,Seanfurt,,,,,(874)422-2048x699
Sheila Smith,Shepardfort,,,,,4711821619
Phillip Brown,New Jennifer,,,,,376-545-1823x61761
Amy Flores,East Julie,,,,,907.741.1443x4830
Brandon Pham,Ginaview,,,,,001-455-853-5007x495
Lynn Gonzalez,West Douglas,,,,,982-093-1710
Diane Thomas MD,Shepardfort,,,,,014.842.9387
Rodney Stevenson,West Douglas,,,,,701-251-6705x61286
Billy Garcia,Ginaview,,,,,(971)279-6271x2777
Dr. Douglas Morgan,East Gina,,,,,496.851.9680x7368
Sarah Evans,Shepardfort,,,,,394.204.1518x0971
Emily Vargas,Ginaview,,,,,2262753718
Nancy Wallace,New Shawn,,,,,001-305-498-1743
Edward Taylor,Lake Jamieburgh,,,,,650.103.5603x46901
Melanie Reynolds,East Julie,,,,,(571)323-3403
Michele Garcia,Seanfurt,,,,,313.480.3089x0843
Richard Vasquez,Perezchester,,,,,(766)713-0296x9429
Krystal Sims,Perezchester,,,,,368.809.7324x459
Tracy Pearson,Ginaview,,,,,8028353079
Barry Ward,Lake Megan,,,,,(233)302-7127
David Lewis,Kochtown,,,,,(944)349-3245x7511
Barbara Zavala,Jenniferfort,,,,,619-522-6532x55720
Ashley Fernandez,South Angelafurt,,,,,(438)573-8760
Christopher Davis,Lake Megan,,,,,+1-688-684-7673x8543
Scott Brady,Baileyburgh,,,,,+1-113-608-2374
Maria Archer,Lake Megan,,,,,001-334-099-3175
David Jackson,Baileyburgh,,,,,001-930-414-6565x986
Adrian Page,Fordhaven,,,,,001-529-046-3138x6148
Blake Luna,East Gina,,,,,886-086-4605
Lawrence Shah,Seanfurt,,,,,+1-131-355-0798x361
Jesus Combs,Lake Seanport,,,,,(425)872-7839
Mr. Jose White,South Angelafurt,,,,,6642052613
Sarah Wright,Perezchester,,,,,787.109.1039
Perry Martin,Lawrenceborough,,,,,(447)079-9543x39506
Kim Gilbert,New Jennifer,,,,,6618477045
Kelsey Hoffman,West Douglas,,,,,001-185-239-1798x1127
Paul Glass,Shepardfort,,,,,801.414.4492x62202
Kathleen Jenkins,Lake Seanport,,,,,206-263-5807x819
Laurie Reese,New Kimberlytown,,,,,+1-540-442-4139x2510
Kathryn Ochoa,New Kimberlytown,,,,,450-660-3655x305
Krista Wheeler,Perezchester,,,,,(232)329-6004x24341
Matthew Summers,Seanfurt,,,,,(598)834-3427x87173
Andrea Boyle,Lake Megan,,,,,001-817-741-1658x5349
Jennifer James,Jenniferfort,,,,,+1-289-735-7209
Rebecca Reid,East Julie,,,,,001-783-503-6632x782
Mary Johnson,Shepardfort,,,,,+1-240-872-1301x561
Jesse Cannon,South Angelafurt,,,,,+1-746-994-3398x22025
Heather Clark,Ginaview,,,,,501-864-0368
Erica Moyer,Lake Megan,,,,,001-447-325-1946x3413
Kenneth Hudson,Lawrenceborough,,,,,172-761-4143x4650
Sara Garrett,East Julie,,,,,596.393.6026
Jamie Gonzalez,Timothytown,,,,,001-084-156-5794x691
Jose Alvarado,New Shawn,,,,,4923558860
Natasha Hall,Lake Megan,,,,,(881)086-8894
Tanner Garcia,New Shawn,,,,,+1-026-828-0283x6377
Crystal Hernandez,New Kimberlytown,,,,,2627301521
Rebekah Miller,Ginaview,,,,,(029)492-4869
Kevin Kelly,East Julie,,,,,057.947.7117x54544
Michael Fleming,Baileyburgh,,,,,(844)635-5318x4702
Amanda Clark,Timothytown,,,,,191.496.6324
Mary Sloan,Ginaview,,,,,721.084.5693
Dale Calderon,Fordhaven,,,,,(279)393-5392x7856
Philip Brown,Lake Megan,,,,,(010)978-4706
George Ayala,Jenniferfort,,,,,114-384-6714
Erika Bailey,East Julie,,,,,+1-063-217-9156
Andrew Lopez,Timothytown,,,,,898.366.9143
John Hale,New Kimberlytown,,,,,874.685.7887x463
Edward Harvey,West Douglas,,,,,+1-801-632-9424x358
Stephen Richardson,Lake Jamieburgh,,,,,001-440-918-2090x083
Charles Pace,Lake Jamieburgh,,,,,908-205-7887x0010
Carrie Alvarez,Jenniferfort,,,,,+1-812-499-9493
Justin Mccoy,Lake Seanport,,,,,007-206-6756
Brandy Howell,Lawrenceborough,,,,,399-983-1426
Yolanda Bradford,Lake Megan,,,,,001-055-546-3699x3955
Erika Collins,Perezchester,,,,,001-625-916-4276x845
Carol Nelson,Lawrenceborough,,,,,001-503-695-1315x1975
Derrick Blevins,Lake Jamieburgh,,,,,095.614.0545x70335
James Francis,Lake Seanport,,,,,844.906.4140x4518
Mary Johnson,New Shawn,,,,,001-016-113-6724x82754
Jennifer Hayden,Lake Jamieburgh,,,,,(544)585-0573x9184
Michael Anderson,New Jennifer,,,,,+1-679-628-1933
Lisa Howard,Timothytown,,,,,861.232.5778
Amanda Barnes,New Jennifer,,,,,857-599-3465
Megan Bell,Shepardfort,,,,,001-967-644-1801x09161
Stephanie Aguirre,Lake Jamieburgh,,,,,(934)478-5680x40592
Sandra Grant,Shepardfort,,,,,759-808-7824x15565
Derek Hill,East Gina,,,,,001-535-545-4185
Shannon Hines DVM,New Shawn,,,,,4062415702
Patrick Doyle,Lake Jamieburgh,,,,,207.156.3487x5493
Tammy Davis,East Gina,,,,,(342)010-0199
Brent Cervantes,Lawrenceborough,,,,,423.465.8674x40194
Lori Walker,New Shawn,,,,,2703781950
Thomas Avila,New Shawn,,,,,+1-452-664-5283x88618
Casey West,Lake Seanport,,,,,730-303-3229
Cheryl Martin,New Shawn,,,,,016.289.1347x18202
Cindy Cline,New Shawn,,,,,(554)870-1347x0780
Sandra York,Timothytown,,,,,(028)477-1989
Frederick Nguyen,Seanfurt,,,,,+1-663-011-6794x5866
Jennifer Li,Shepardfort,,,,,383-200-3623x894
Angela Lopez,New Shawn,,,,,283.215.4481
Adam Andrade,East Gina,,,,,001-147-642-3889x1695
Sarah Hancock,New Jennifer,,,,,027-298-0476x63299
Melissa Drake,New Kimberlytown,,,,,560.272.0854x0481
Wendy Buckley,New Shawn,,,,,5005538880
Timothy Craig,Ginaview,,,,,001-426-958-0122x6948
Ms. Amanda Anderson,Lawrenceborough,,,,,9294924517
Anne Smith,Seanfurt,,,,,001-533-354-4647
Timothy Hughes,West Douglas,,,,,(965)692-5746x0595
Julia Dougherty,Jenniferfort,,,,,(357)652-4350
Micheal Woods,New Shawn,,,,,+1-337-790-3508x3644
Patrick Wilson,Lake Jamieburgh,,,,,267.906.1118
Susan Lewis,Lake Megan,,,,,+1-850-928-6707x76268
Steven Butler,Perezchester,,,,,(010)755-6454x33567
Angel Smith,Seanfurt,,,,,001-994-203-6519x4535
Barbara Brown,Lake Seanport,,,,,819-745-9334x28612
Christopher Smith,Lake Megan,,,,,(895)340-0685
Amy Perry,New Shawn,,,,,(538)699-6079x169
Amy Sutton,Baileyburgh,,,,,+1-386-886-2874x6252
Rhonda King,Lawrenceborough,,,,,+1-116-528-3294x971
Anita Mcbride,Lake Jamieburgh,,,,,(870)396-7968
Tracy Watson,Perezchester,,,,,445.747.3053
James Brown,South Angelafurt,,,,,240.256.8059x14265
Mr. Lawrence Caldwell,East Gina,,,,,001-240-691-1627
Timothy Pierce,West Douglas,,,,,529.551.3572
Zachary Hill,Seanfurt,,,,,001-255-226-8709x24252
Matthew Heath,South Angelafurt,,,,,001-214-664-4639x7966
Jennifer Edwards,Seanfurt,,,,,255-639-6680
Megan Smith,Perezchester,,,,,(759)316-5628
Haley Payne,Lake Megan,,,,,498-464-2637x20597
Patrick Chen,Perezchester,,,,,480-092-0591x219
Michael Mcintyre,Lake Seanport,,,,,001-005-275-1127
Jon Smith,East Julie,,,,,4765800943
Allen Roberts MD,New Shawn,,,,,101-424-1015
Aaron Bolton,Baileyburgh,,,,,343-982-5192
Mrs. Diana Martin,Lake Seanport,,,,,286.367.1678x32630
Andrew Parker,New Shawn,,,,,+1-059-521-2176
David Palmer,Shepardfort,,,,,3730498119
Julie Farmer,Ginaview,,,,,+1-232-983-4608x99019
Alison Brown,New Kimberlytown,,,,,+1-399-165-2261
Kelly Diaz,New Shawn,,,,,913-415-3010x1512
Darren Petersen,Lawrenceborough,,,,,(285)568-3641x278
Kristina Cantu,New Jennifer,,,,,030.472.2634x8046
John Ware,New Shawn,,,,,838-345-7898x32104
Michael Sanchez,Timothytown,,,,,011.111.9512x126
Lisa Bates,Seanfurt,,,,,906-834-1472
Heather Hutchinson,East Julie,,,,,(739)866-2183
Mark Mack,New Jennifer,,,,,444.263.8754x08036
Joseph Gonzalez,New Kimberlytown,,,,,001-711-200-1049x8259
Susan Morales,Fordhaven,,,,,298-521-7990x9951
Crystal Cardenas,New Shawn,,,,,(484)104-7289
Jonathan Martinez,Seanfurt,,,,,370-708-1918
David Wilson,Ginaview,,,,,964.141.5583x56015
William Rich MD,Lake Jamieburgh,,,,,001-203-761-3526x41176
Dana Kim,Kochtown,,,,,+1-831-388-2291x668
Julie Sullivan,Timothytown,,,,,001-085-034-1302x72728
George Goodman,Lake Megan,,,,,619.874.4897x70031
Carolyn Howell,Perezchester,,,,,352.144.5568
Michael Marsh,Fordhaven,,,,,001-343-897-1920x9345
April Evans,New Jennifer,,,,,(989)308-0338
Calvin Farmer,East Julie,,,,,9041425103
Debra Schneider,Fordhaven,,,,,464.176.1340x49137
Deborah Arellano,Baileyburgh,,,,,001-751-083-9764
Devon Johnson,Seanfurt,,,,,(410)809-7203
Robert Weaver,Lawrenceborough,,,,,001-124-278-4870x948
Christopher Huang,East Julie,,,,,(038)882-2940x2771
Lisa Fuller,Kochtown,,,,,454.504.8457
Derrick Fox,Baileyburgh,,,,,113.796.2966x4286
Kimberly Shea,New Kimberlytown,,,,,(819)313-1451x3948
David Davis,Lake Seanport,,,,,323.020.2303x17799
Andrea Chavez,Baileyburgh,,,,,(403)729-5764x30499
Sandra Barnes,New Shawn,,,,,001-057-887-1579
Christopher Garcia,Shepardfort,,,,,619.428.9434x0578
Timothy Benjamin,Timothytown,,,,,011-938-1083
Michael Miller,Lawrenceborough,,,,,3293560207
George Hayes,Baileyburgh,,,,,001-884-091-0412x5613
Sherry Dean,East Julie,,,,,001-882-600-6548
Joshua Odom,Seanfurt,,,,,001-540-252-0733x503
Amanda Guerrero,Kochtown,,,,,001-277-447-5667x44241
Rebekah Cain,New Kimberlytown,,,,,001-002-608-4507x13161
Charles Martinez,East Gina,,,,,256.189.9795x7215
Michael Nunez,Lawrenceborough,,,,,(113)160-8084x85320
Travis Wright,West Douglas,,,,,(396)380-5414x1647
Becky Clark,New Shawn,,,,,+1-365-995-5674
Bryan Campbell,Fordhaven,,,,,675-404-4853
Joshua Rivas,Lake Seanport,,,,,453-048-4942
Tara Garcia,New Jennifer,,,,,+1-936-657-8115x986
Justin Weaver,New Shawn,,,,,(056)594-7062
Jackson Brown,Lake Seanport,,,,,(351)887-8962
Pamela Smith,Ginaview,,,,,+1-491-850-9397x7734
Brittany Morales,New Shawn,,,,,720-115-7869x987
Jennifer Wright,New Kimberlytown,,,,,001-354-896-4510x4611
Michael Lamb,Ginaview,,,,,0717499250
Mary Woods,Kochtown,,,,,+1-876-107-7929x9543
Kyle Fuller,Fordhaven,,,,,+1-355-889-1234x7342
Michael Price,Shepardfort,,,,,352-419-6833
David Garcia,Lawrenceborough,,,,,471.776.3008x9191
Denise Anderson,Lake Seanport,,,,,001-100-776-5516x6324
Anthony Lynch,South Angelafurt,,,,,395.449.4160x12565
Theresa Stanley,Lake Seanport,,,,,402.034.3566x49892
Casey Anderson,Lake Seanport,,,,,019-681-7775
Nancy Murphy,West Douglas,,,,,348-385-2574
Jeffrey Armstrong,Perezchester,,,,,001-241-981-1853x009
Nicole Calhoun,Seanfurt,,,,,(096)664-6396x639
Renee Benton,East Gina,,,,,(497)672-4616x09342
Mary Martin,Lake Seanport,,,,,8699801573
Phillip Kelley,New Shawn,,,,,001-070-389-4330x627
Russell Price,Perezchester,,,,,001-476-040-1710x81702
Becky Garrett,Lake Seanport,,,,,(124)148-3548
Morgan Brown,South Angelafurt,,,,,001-272-296-4193
Mary Rivers,New Kimberlytown,,,,,485-157-8625
Michael Harris,Fordhaven,,,,,567.648.7309x632
Cynthia Boone,New Kimberlytown,,,,,+1-685-681-5446x483
Amber Washington,New Kimberlytown,,,,,678-678-5388x645
Eric Jackson,Lake Megan,,,,,001-235-368-4811x666
Karen Johnson,Baileyburgh,,,,,583-875-5831x3148
Natalie Snow,Lake Megan,,,,,001-978-622-5372x28030
Jeremy Williams,Timothytown,,,,,001-623-290-5130x635
Daniel White,Ginaview,,,,,+1-906-662-0985
Paul Lewis,Seanfurt,,,,,+1-099-071-2253x94801
Peter Taylor,Jenniferfort,,,,,246-001-1855x013
Richard Shelton,East Julie,,,,,+1-905-600-6991x41608
Stanley Rosales,Ginaview,,,,,897.315.8062x72085
Brian Ford,Baileyburgh,,,,,843-304-7649x42877
Alison Morgan,Ginaview,,,,,994.693.3473
Adrian Ramos,Timothytown,,,,,137-010-5791x4903
Lisa Gonzalez,Fordhaven,,,,,001-240-468-9219x4335
Eric Owen,Perezchester,,,,,9479923156
Erika Russell,Perezchester,,,,,001-119-644-6972x1782
Andrea Rasmussen,New Jennifer,,,,,304-283-2556x88532
Robert Scott,Jenniferfort,,,,,001-314-196-1787x61541
Justin Rodriguez,Lake Jamieburgh,,,,,729.003.4679
Ann Williams,South Angelafurt,,,,,+1-379-697-1289x35823
Scott Carson,Lawrenceborough,,,,,001-864-286-8658x390
Olivia Jackson,Kochtown,,,,,9201633193
Alexandra Green,Ginaview,,,,,001-794-676-6816x8128
Kristen Davis,Timothytown,,,,,0906326737
Michael Carpenter,New Shawn,,,,,001-353-800-9706x83029
Jennifer Chen,Kochtown,,,,,141-955-3314x7421
Michael Nelson,Seanfurt,,,,,001-120-159-6541x990
Nicole Page,Perezchester,,,,,7074755727
Lisa Friedman,Jenniferfort,,,,,+1-682-668-5910x70217
Andrew Wolfe,Lake Seanport,,,,,087.361.4283x56782
John Snow,Lake Megan,,,,,(241)120-3922x87426
Jessica Lopez,Fordhaven,,,,,001-823-435-7442x74120
Richard Smith,East Gina,,,,,864.661.1203
Ronald Smith,Jenniferfort,,,,,+1-627-746-1143
Michael Booker,South Angelafurt,,,,,935-921-9559x493
Christopher Garner,East Gina,,,,,+1-458-891-3136
Rachel Wise,Kochtown,,,,,(484)170-7750x32989
Ian Lopez,Kochtown,,,,,9249084540
Paul Ryan,Perezchester,,,,,308.176.6468
Ryan Parker,Shepardfort,,,,,421-740-1147
Pamela Avery,Ginaview,,,,,655-599-6883x57697
Jonathan Adams,New Kimberlytown,,,,,574.424.1593x620
Brian Harris,East Gina,,,,,(126)100-2451
Todd Smith,New Shawn,,,,,458-769-1102x0866
Taylor Adams,Fordhaven,,,,,022.904.7136x45798
Stephanie Dunn,Kochtown,,,,,001-301-938-5560x96201
Benjamin Howell,Fordhaven,,,,,(356)954-1847
Eddie Hartman,Jenniferfort,,,,,001-769-060-6179x548
Debra Bradshaw,Lake Seanport,,,,,879-912-2517x84537
Dr. Tina Gomez,New Kimberlytown,,,,,(754)099-7476x957
Tonya Jackson,Seanfurt,,,,,001-500-396-3446x91260
Jacqueline Weaver MD,Ginaview,,,,,(350)659-9032x5216
Cynthia Richardson,Shepardfort,,,,,277.333.1061x97251
Frank Walker,West Douglas,,,,,(169)485-6037x3734
Matthew Soto,New Kimberlytown,,,,,1029021792
Carlos Taylor,Ginaview,,,,,631.849.2379x38080
Megan Scott,Perezchester,,,,,001-970-213-3170x068
Kenneth Myers,East Gina,,,,,(314)383-5264x345
Jean Hernandez,Shepardfort,,,,,+1-440-848-5877
Marcus Burke Jr.,Lawrenceborough,,,,,(954)284-1125x8495
Kathryn Martin DDS,Shepardfort,,,,,776.468.5913x7138
Cory Sims,New Jennifer,,,,,910.605.6221
Judy Scott,Lake Seanport,,,,,426.791.8302
Samuel Turner,South Angelafurt,,,,,0847303950
Brandon Garcia,New Jennifer,,,,,155.081.0920
John Aguilar,Kochtown,,,,,1154559626
Debra Watson,Perezchester,,,,,(602)461-9687x4739
Ralph Vazquez,East Gina,,,,,+1-684-381-4402x239
Jesse Tucker,New Kimberlytown,,,,,(306)872-0816
Michael Hernandez,Jenniferfort,,,,,(032)626-3930x1488
Benjamin Clark,New Shawn,,,,,001-018-990-5352x424
Sheri Johnson DDS,East Gina,,,,,001-373-064-2811
Molly Martinez,Shepardfort,,,,,491-672-7433
Nicholas Bailey,Kochtown,,,,,001-258-069-3868x9093
Valerie Wade,Lawrenceborough,,,,,721.824.8846x283
James Page,Lake Seanport,,,,,(753)876-3823x928
Nicolas Levy,Shepardfort,,,,,882-750-9402x999
Dylan Turner,Perezchester,,,,,(675)636-3324x0748
Rebekah Morrison,Timothytown,,,,,370.640.8495x55945
Julie Booker,New Jennifer,,,,,001-313-972-3729
April Griffith,Perezchester,,,,,+1-122-059-8782x3870
Nicole Gutierrez,East Julie,,,,,894.625.2226
Melinda Klein,West Douglas,,,,,298-366-8772
Justin Valdez,Jenniferfort,,,,,2900492845
Derrick Austin,New Shawn,,,,,3483999982
Beverly Mcknight,New Kimberlytown,,,,,904.158.8273x8269
Jose Cowan,Lawrenceborough,,,,,001-364-134-3262x390
Laura Jones,Timothytown,,,,,(386)705-5606x06247
Rodney Smith,Fordhaven,,,,,(755)208-9356x97475
William Murray II,Fordhaven,,,,,291-244-2643
Yolanda Jenkins,Lake Megan,,,,,+1-453-265-4003x14459
Steven Bishop,Lake Megan,,,,,+1-078-162-3083x068
Darren Wright,Lake Seanport,,,,,001-614-695-6055x8231
Kenneth Cortez,Seanfurt,,,,,(179)539-9770x034
Tammy Alexander,East Julie,,,,,810-312-3637x6820
Sean Martin,Timothytown,,,,,(219)957-4173x294
Jessica Jones,Lake Jamieburgh,,,,,(038)711-3914x31248
Jeff Neal,Baileyburgh,,,,,610.249.6452
Karen Burns,Kochtown,,,,,(825)472-5957x36396
David Walsh,Kochtown,,,,,821-377-3779
Judy Hogan,Kochtown,,,,,001-319-059-4204x82299
Nathan Green,East Gina,,,,,(947)056-2634
Melissa Meyer,New Shawn,,,,,001-113-434-5548x320
Bryan Keith,Baileyburgh,,,,,001-613-935-4260x837
Laura Contreras,Lake Seanport,,,,,320-610-0661x16420
Mary Haas,East Julie,,,,,001-733-078-7079x76097
Terry Wright,Fordhaven,,,,,595.202.7915x7844
Douglas Gillespie,Ginaview,,,,,810-311-5263x0057
Renee Sellers,Perezchester,,,,,001-625-104-9068x15431
Jessica Patrick,Baileyburgh,,,,,820.384.5061
Brenda Ford,Lake Seanport,,,,,001-221-615-8911x5650
Adam Lee,New Jennifer,,,,,+1-923-185-2973
Jorge Davis,Baileyburgh,,,,,322-509-4571
Deborah Greene,New Jennifer,,,,,001-273-687-6450x76857
Jane Kim,Lake Jamieburgh,,,,,234-935-3749
Sarah Robertson,Perezchester,,,,,398-124-2789
Samuel Stephens,Lake Megan,,,,,736-002-2573
Rodney Simmons,Jenniferfort,,,,,8600735670
Dwayne Collier,West Douglas,,,,,001-754-105-8366x87939
Dennis Martin,Lake Jamieburgh,,,,,043.116.5926x3965
Brandon Zamora,East Julie,,,,,+1-714-926-3383
Keith Rowe,Jenniferfort,,,,,4919255502
Robert Willis,New Shawn,,,,,032.429.4712x794
Ryan Cook,New Shawn,,,,,100.865.3096
Tanner Carlson,Timothytown,,,,,714.937.0348x015
Carrie Barajas,Timothytown,,,,,+1-833-123-9117x397
Cameron Ramirez,South Angelafurt,,,,,(562)879-7137
Taylor Rios,New Kimberlytown,,,,,+1-174-351-4254x3721
Anita Miller,Lake Jamieburgh,,,,,223-605-9371x15001
Thomas Rogers,New Kimberlytown,,,,,001-764-019-3831x8421
Sonya Clark,Shepardfort,,,,,035-361-4338
Ricky Miller,New Jennifer,,,,,001-712-660-6310
Angela Gonzalez,New Jennifer,,,,,(347)840-4905x3874
Stephanie Chen,Lawrenceborough,,,,,045-233-6125x7383
Daniel Glover,Ginaview,,,,,(044)522-6751
Teresa Henry,Baileyburgh,,,,,817-443-3680x2962
Seth Gonzalez,Fordhaven,,,,,(662)183-5340
Jeremy Carr,Timothytown,,,,,+1-586-136-6863
Katherine Hayes,Kochtown,,,,,(166)036-9712
John White,Timothytown,,,,,+1-390-356-5734
Andrew Lucas,New Shawn,,,,,053.736.9221
Beth Fitzgerald,South Angelafurt,,,,,+1-585-551-7965x79212
Madeline Paul,Fordhaven,,,,,(677)162-5465x34048
Robert Black,Ginaview,,,,,079.904.0759
Alicia Nelson,Lawrenceborough,,,,,+1-753-014-7074
Dennis Watson,Seanfurt,,,,,001-921-756-2812x63376
Brian Peterson,Seanfurt,,,,,634.920.0273
Tammy Hampton,Kochtown,,,,,+1-421-146-4831
Christopher Aguilar,Ginaview,,,,,8011317466
Steven Murray,Baileyburgh,,,,,(064)790-8780
Mr. David Zamora,Kochtown,,,,,(490)427-7314
Amber Davis,Kochtown,,,,,828-720-2008x9294
James Mckee,Timothytown,,,,,001-364-620-1032x324
Mr. Martin Thornton,Lawrenceborough,,,,,756-546-4935x666
Melissa Bruce,Kochtown,,,,,109-823-4801x8619
Lisa Gray,Kochtown,,,,,896.526.9216
Stephanie Bennett,East Julie,,,,,001-541-804-1847x591
Andrew Schmidt,Shepardfort,,,,,8252151702
Amanda Montgomery,Baileyburgh,,,,,319.561.8914x4520
Catherine Smith,New Shawn,,,,,001-182-775-3889x998
Laurie Carr,Lawrenceborough,,,,,996-991-6758
Jennifer Johnson,East Gina,,,,,+1-112-144-5025x31634
Nicholas Lynch,Kochtown,,,,,(327)278-5851x727
Jessica Ward,Baileyburgh,,,,,+1-724-372-1323x32963
Amanda Wilson,Shepardfort,,,,,254-056-9675
Christopher Avery,Fordhaven,,,,,001-240-886-7543x374
Alexandria Russell,Lake Megan,,,,,(173)391-8955x862
Francisco Castillo,Kochtown,,,,,754.517.7556
Kelsey Wallace,New Shawn,,,,,922.934.0255x29262
Austin Castro,West Douglas,,,,,999-241-6931
Darrell Gutierrez,East Julie,,,,,012-151-4184
Angela Brooks,Fordhaven,,,,,912-829-4981x80148
Natalie Rivas,Shepardfort,,,,,(858)322-2518
Joel Bell,South Angelafurt,,,,,+1-724-619-8713x3292
Mark Mitchell,New Jennifer,,,,,4766778126
Charles Ray,New Shawn,,,,,901-307-0276x934
Crystal White,Perezchester,,,,,+1-742-659-8514x7272
Michael Wood,Shepardfort,,,,,(697)830-9392
Joel Lopez,Baileyburgh,,,,,739-039-7108x691
Brendan Chavez,Lake Megan,,,,,3529928294
Rachel Foster,Jenniferfort,,,,,7384815279
Amber Villarreal,Baileyburgh,,,,,794-281-2622x651
Sean Miller,Shepardfort,,,,,922.276.7619
Diane Cline,Fordhaven,,,,,390-250-1955
Margaret Wilson,Lake Seanport,,,,,395-320-1971
Thomas Barnes Jr.,Seanfurt,,,,,752.497.7079x266
Amanda Morgan,Perezchester,,,,,032-384-7589x589
Suzanne Bates,South Angelafurt,,,,,001-198-609-1503
Pamela Giles,Fordhaven,,,,,001-636-041-7812x48487
Dana Andersen,Perezchester,,,,,242.554.9382x983
Justin White,Lake Seanport,,,,,696.293.3896x6169
Mary Lawrence,Perezchester,,,,,446.214.5268x24336
Michael Bennett,East Gina,,,,,203.145.6013x190
Heidi Bender,Lake Jamieburgh,,,,,+1-459-413-5690x1234
Timothy Woods,Shepardfort,,,,,184-768-3492x0324
Sandra Williams,Shepardfort,,,,,001-569-980-5799x1957
Katelyn Manning,New Jennifer,,,,,+1-034-929-6734x8843
Penny Gutierrez,Perezchester,,,,,394-789-0354
Joshua Gamble,Timothytown,,,,,045-928-1573
Sara Castro,East Gina,,,,,6988790948
Diane Lee,Lawrenceborough,,,,,7859850546
Sherri Robinson,Lake Jamieburgh,,,,,(901)794-9467x0503
Michelle Rivera,Fordhaven,,,,,(433)134-1012x09341
Jennifer Guzman,West Douglas,,,,,757.922.3756
Jason Williams,Timothytown,,,,,0839455056
Gregory Haas,New Jennifer,,,,,6773763767
Robert Gonzales,Seanfurt,,,,,107-030-7266
Christina Richardson,New Kimberlytown,,,,,094-674-0288
Barry Moore,Jenniferfort,,,,,001-524-449-3716x220
Kaitlyn Miller,Timothytown,,,,,+1-393-946-7884x2659
Tiffany Smith,New Jennifer,,,,,001-157-363-0707x95326
Nancy Cardenas,Seanfurt,,,,,+1-277-160-6669x294
Anna Soto,Ginaview,,,,,844-040-1023x438
Terry Moore,East Gina,,,,,037-911-8699
Christopher Floyd,Baileyburgh,,,,,(514)072-8178
Amanda Holland,Timothytown,,,,,607.737.0397x02226
Lisa Lara,Kochtown,,,,,(568)632-2964
Nancy Davis,Kochtown,,,,,+1-996-872-1118x21974
Yolanda Joseph,South Angelafurt,,,,,001-497-671-6684x65613
Christina Guerrero,Fordhaven,,,,,720.292.5891
Kristina Walls,Jenniferfort,,,,,176-206-1687x80509
Paul Davis,East Julie,,,,,(836)175-9570
Travis Navarro,Jenniferfort,,,,,049.789.5725x9681
Brian Wilkinson,Jenniferfort,,,,,001-186-549-0102x9657
Harry Harris,Lake Jamieburgh,,,,,(867)485-8496x601
Dennis Bolton,Jenniferfort,,,,,466.643.0297x4246
Scott Harris,South Angelafurt,,,,,5370168970
Erin Hunter,East Gina,,,,,+1-146-821-9749x5057
Joanna Martinez,Lake Megan,,,,,001-437-392-8601x06105
Amanda Campbell,Perezchester,,,,,001-790-568-8280x582
John Anderson,South Angelafurt,,,,,812-182-5623x865
Wesley Bryant,Seanfurt,,,,,643-579-6150x687
Briana Kelly,Fordhaven,,,,,+1-633-044-5679x5160
Jacob Stephens,Timothytown,,,,,4746075838
Nicole Hernandez,East Julie,,,,,332.378.3760
Stacey Ibarra,Lake Seanport,,,,,8920106121
Henry Kelly,Lawrenceborough,,,,,026.247.0477x092
Mrs. Kelli Hamilton PhD,Perezchester,,,,,171.603.0722x52566
Michelle Trujillo,New Kimberlytown,,,,,001-474-670-8035
Alexandra Martinez,Lake Seanport,,,,,2227482383
Danielle Morrow,Ginaview,,,,,+1-112-243-7549x738
Jeffrey Green,Shepardfort,,,,,164-600-7890
Shannon Harrington,Lake Jamieburgh,,,,,(442)680-2821x133
Thomas Clark,East Julie,,,,,+1-330-542-9485
Kelly Lee,Perezchester,,,,,318-257-1040x8591
Kayla Mata,New Shawn,,,,,001-179-670-9975x6493
Charles Terrell,New Shawn,,,,,001-661-181-8789
Bradley Rollins,Timothytown,,,,,001-023-210-7456x3193
Faith Jensen,Jenniferfort,,,,,572-031-1989x683
Taylor Hughes,Fordhaven,,,,,+1-676-293-6276x1156
Cynthia Smith,Baileyburgh,,,,,+1-641-841-0950
Amy Jensen,Seanfurt,,,,,(094)375-6362
Joshua Nelson,Seanfurt,,,,,+1-365-601-9980x5881
Tammy Meyer,Lake Seanport,,,,,001-006-657-2682x629
Kenneth Perkins,Perezchester,,,,,353.735.2363
Alicia Lewis,Lake Megan,,,,,410-736-4335
Mrs. Kimberly Shaw,Lawrenceborough,,,,,9426164841
Jessica Juarez,New Kimberlytown,,,,,539-418-9059x48512
Brianna Harrell,Ginaview,,,,,+1-333-195-5891x35506
Scott Shelton,East Gina,,,,,320.071.8259x950
Pam Wade,New Kimberlytown,,,,,9344604088
Joanna Gonzalez,Ginaview,,,,,001-889-724-5924
Nathan Garcia,New Kimberlytown,,,,,(483)016-4281
Joseph Weiss,Lake Megan,,,,,+1-051-517-4634x117
Gerald Valenzuela,New Kimberlytown,,,,,539.675.2189x59547
Tara Gonzales,Fordhaven,,,,,3090103823
Daisy Grant,Kochtown,,,,,211.350.5335x61336
Bruce Wright,Perezchester,,,,,048-320-9318
Michael Torres,New Shawn,,,,,001-660-021-2136
Rachel Crawford,Fordhaven,,,,,+1-609-394-9840x46360
Jason Cohen,South Angelafurt,,,,,506-034-2861x77806
Brandi Caldwell,Baileyburgh,,,,,964.361.1875x5650
Jessica Velez,Seanfurt,,,,,+1-628-014-3160x208
Robert Sanders,Lake Seanport,,,,,224.904.3030x89944
Claudia Rodriguez,West Douglas,,,,,(889)452-2737x6142
Kelly Hernandez,New Kimberlytown,,,,,467.221.1138x09670
Cheyenne Campbell,New Shawn,,,,,419-316-2101x215
Kristin Gilbert,Lake Megan,,,,,+1-450-982-7826x3571
Dakota Peterson,East Gina,,,,,001-770-973-9213
Christian Erickson,East Gina,,,,,857.348.9463
John Brown,Lake Jamieburgh,,,,,296-047-2803x687
Ms. Lindsey Fox DDS,Timothytown,,,,,+1-551-334-5621x8636
Lisa Goodman,Lawrenceborough,,,,,(469)372-9380
Michael Deleon,Shepardfort,,,,,094.291.1341x6418
Laura Freeman,Jenniferfort,,,,,946-216-4882x965
Bradley Hood,Lake Seanport,,,,,(221)773-1652x066
Michael Davis,Fordhaven,,,,,113-864-3977
Kenneth Bell,Lake Jamieburgh,,,,,001-401-324-0142x84256
Margaret Garcia,Lawrenceborough,,,,,001-893-896-6056
Heather Medina,New Kimberlytown,,,,,986-392-3952
Julia Wood PhD,New Shawn,,,,,+1-626-623-1021x943
Jason Hernandez,Ginaview,,,,,824.709.0852x9427
Kelly Thompson,Jenniferfort,,,,,001-622-979-2206
Ryan Salazar,Lake Jamieburgh,,,,,+1-583-903-5853
Laura Wright,Perezchester,,,,,(722)491-8184
Lucas Underwood,Seanfurt,,,,,071.445.7209
Tony Reid,New Jennifer,,,,,5714877453
Christina Moran,Lake Megan,,,,,4887960088
Terry Owen,South Angelafurt,,,,,+1-371-497-3908x662
Michael Osborne,Lawrenceborough,,,,,001-394-969-0328x4689
Rebecca Newman,Jenniferfort,,,,,(436)815-9681x358
Cassie Olsen,Lake Megan,,,,,(700)194-8731x976
Brenda Daniels,New Jennifer,,,,,0852697035
Joshua Myers,East Gina,,,,,(687)365-3943
Andrew Garcia,New Kimberlytown,,,,,579.205.4607x164
John Alvarado,East Gina,,,,,001-809-708-0232x66720
Marie Hobbs,East Gina,,,,,4988251177
Susan Kirk,New Jennifer,,,,,869-810-9621x0661
Jacob Martin,Perezchester,,,,,001-706-237-1697x0084
Andrea Hall,Lake Seanport,,,,,776.049.1047x673
Tony Leonard,New Jennifer,,,,,+1-914-573-0917x73389
Christine Pearson,East Julie,,,,,997.064.4939x800
Yvonne Robinson,East Julie,,,,,+1-494-407-0263
Shawn Walters,New Shawn,,,,,5908613350
Mary Barnes,Lake Jamieburgh,,,,,989-076-1371
Thomas Morton,Perezchester,,,,,(299)949-5200x379
Jeremy King,Perezchester,,,,,(493)959-5309
Dustin Wright,Kochtown,,,,,(024)407-1311
Jason Valenzuela,Jenniferfort,,,,,(646)810-6412x9581
Henry George,Timothytown,,,,,(223)159-7671
Michele Mcdonald,Lawrenceborough,,,,,018.492.1609x7255
Samuel Hanna,Lake Megan,,,,,0059864223
Kim Dominguez,East Gina,,,,,(187)465-9222
Stephanie Baker MD,West Douglas,,,,,944.728.3244
Christina Vega,Lake Jamieburgh,,,,,945-311-9260x6926
Matthew Sanchez,East Gina,,,,,001-196-374-4452x0041
Raven Gordon,South Angelafurt,,,,,(298)654-3133
Lisa Martin,Lawrenceborough,,,,,776-025-6849x3120
Brandon Mills,East Gina,,,,,595.986.1385x2095
Pamela Collins,Lake Jamieburgh,,,,,(425)571-7438
Andrew Bailey,New Jennifer,,,,,2617518483
Jennifer James,Lake Megan,,,,,880.581.2823x0199
Timothy Davila,New Kimberlytown,,,,,318.166.8335x575
Tracy Jefferson,East Gina,,,,,(646)728-1533x01299
Scott Garza,Seanfurt,,,,,001-889-884-2608
Patrick Bean,Fordhaven,,,,,+1-889-675-2222
Dalton Reyes,Jenniferfort,,,,,298.409.0222x667
Edward King MD,Perezchester,,,,,149-839-4344x1649
Martha Schultz,Perezchester,,,,,574-009-5388x7630
Dustin Jones,Jenniferfort,,,,,+1-030-451-1697x14765
Matthew Myers,New Shawn,,,,,162.629.9270x19979
Taylor Olsen,Lake Megan,,,,,+1-820-127-2599x771
Shane Thomas,Jenniferfort,,,,,269-102-8585x558
Danielle Green,Baileyburgh,,,,,001-521-548-7418
Melissa Baird,Jenniferfort,,,,,(974)993-9058x21459
Dawn Warner,West Douglas,,,,,(430)144-4767
Terri Leblanc,Timothytown,,,,,851.407.1044x654
Diane Barnes,Kochtown,,,,,353.578.2189
Brett Fuller,Seanfurt,,,,,+1-997-367-4989x143
Phyllis Thornton,Fordhaven,,,,,001-103-529-0175x794
Sean Howell,East Gina,,,,,001-722-911-6702x72234
Harold Williams,Timothytown,,,,,440-654-4363x134
Thomas James,Ginaview,,,,,971-746-2086x446
Debra Mcmahon,Seanfurt,,,,,652.985.3917x08869
Jeff Palmer,West Douglas,,,,,491-580-4850
Johnny Hawkins,Lake Megan,,,,,001-889-040-0084x84350
Gwendolyn Smith,Timothytown,,,,,+1-205-615-6403x43117
Sonya Nelson,Kochtown,,,,,262-586-5292x0930
Timothy Acosta,Kochtown,,,,,001-302-851-0908x621
Eric Fisher,Jenniferfort,,,,,095-535-3848
Jason David,Timothytown,,,,,(255)133-0767
Regina Henry,Seanfurt,,,,,823.189.6546x0874
Christopher Fritz MD,Lake Megan,,,,,939.369.6656x023
Peter Webb,Lawrenceborough,,,,,+1-460-623-9644x32253
Jared David,Lake Seanport,,,,,001-583-874-0252
Amanda Kennedy,New Shawn,,,,,636.054.6370x8282
Evan Davis,Shepardfort,,,,,450.237.9616
Aimee Johnson,New Kimberlytown,,,,,107.283.2584x1160
Kurt Carlson MD,New Shawn,,,,,001-761-408-7837
John Park,East Gina,,,,,347.774.5525x1437
Cheryl Mccoy,New Jennifer,,,,,(716)231-3262x63786
Evan Oneill,West Douglas,,,,,084.191.2578x7038
Victor Chen,Lake Jamieburgh,,,,,0273979977
Julie Banks,South Angelafurt,,,,,111-697-0261
Brendan Singh,New Shawn,,,,,+1-461-736-8181
Jessica Klein,Lawrenceborough,,,,,167.758.6628
Julie Roman,Shepardfort,,,,,491-107-0998
Katherine Griffin,Lake Seanport,,,,,086.301.7347x943
Peter Baker,Timothytown,,,,,+1-733-341-0610
Dominique White,East Gina,,,,,001-913-168-8856x9616
Aaron Scott,Baileyburgh,,,,,836.773.1981
Elijah Skinner,New Jennifer,,,,,0689816482
Michael Andrade,Lake Jamieburgh,,,,,717-673-5831
Susan Bell,Lake Seanport,,,,,001-985-208-9456
Todd Davis,Fordhaven,,,,,(123)756-6819x088
Thomas Simpson,West Douglas,,,,,3752541016
Julia Quinn,Lake Seanport,,,,,001-980-447-3246
George Griffin,East Julie,,,,,1032833976
Holly Williams,Lawrenceborough,,,,,(807)661-1274x528
Amanda Vega,East Gina,,,,,(154)008-3783x78250
Michelle Stanton,Shepardfort,,,,,929-882-6541
Nichole Brown,Baileyburgh,,,,,001-877-828-7648x74524
Melissa Marshall,Timothytown,,,,,001-417-770-7445x5649
Kimberly Williamson,Seanfurt,,,,,765-326-2159
Mark Taylor,Shepardfort,,,,,746-877-4195x5814
Shannon Reed,New Jennifer,,,,,+1-551-955-1170x6842
Mark Fox,South Angelafurt,,,,,939-203-4703x4478
Diana Carroll,Kochtown,,,,,(782)960-8295
William Ramsey,Perezchester,,,,,001-240-770-7918
Monica Holt,Jenniferfort,,,,,001-731-563-5289x185
Marissa Rivera,Fordhaven,,,,,6536203924
Nichole Franklin,East Julie,,,,,(867)597-4343x22002
Emily Walker,Ginaview,,,,,+1-538-150-0268x563
Kevin Wilson,South Angelafurt,,,,,+1-679-442-5064x36085
Randall Merritt,South Angelafurt,,,,,+1-917-262-3340x14106
John Willis,Lawrenceborough,,,,,001-030-776-3547
Desiree Guzman,New Jennifer,,,,,1426805042
Patrick Gonzalez,Lake Jamieburgh,,,,,7782482025
Jose Nguyen,New Jennifer,,,,,9442241417
Sara Wood,Lake Megan,,,,,061.583.0818
Erica Watkins,East Julie,,,,,+1-677-034-1929
David Campbell,East Gina,,,,,001-057-089-1704x5767
Heather Mcconnell,Timothytown,,,,,4306211302
